{"type":"FeatureCollection","features":[{"type":"Feature","properties":{"code":"02","nom":"Aisne"},"geometry":{"type":"Polygon","coordinates":[[[3.1727,50.012],[3.2305,50.0313],[3.3293,50.016],[3.3749,50.0364],[3.4914,50.0189],[3.5448,50.0538],[3.6136,50.0254],[3.7097,50.066],[3.875,50.0366],[3.8873,50.0097],[3.9823,50.0444],[3.9947,50.0255],[3.9804,49.9954],[4.0871,49.9692],[4.1724,49.9771],[4.1974,49.9547],[4.226,49.9591],[4.2221,49.9104],[4.2541,49.904],[4.2485,49.8565],[4.2148,49.8061],[4.227,49.7932],[4.2096,49.7818],[4.2501,49.7571],[4.2247,49.7272],[4.127,49.6779],[4.1148,49.6353],[4.0253,49.6225],[4.0766,49.5711],[4.0488,49.5453],[4.0738,49.5416],[4.0758,49.5183],[4.0407,49.5085],[4.0424,49.4687],[4.0602,49.4472],[4.0377,49.4383],[4.048,49.4056],[4.0355,49.3599],[3.9613,49.3773],[3.9318,49.4031],[3.8591,49.3814],[3.8522,49.3447],[3.8015,49.3589],[3.647,49.3152],[3.6383,49.3014],[3.6573,49.291],[3.6708,49.2396],[3.6516,49.2214],[3.6971,49.2055],[3.7254,49.1735],[3.7511,49.1777],[3.7488,49.1571],[3.7016,49.1431],[3.6223,49.1511],[3.6,49.1207],[3.6329,49.0728],[3.5877,49.0594],[3.5867,49.0358],[3.6463,49.0406],[3.6775,49.0192],[3.6399,49.0041],[3.6207,48.9659],[3.5744,48.939],[3.5738,48.9215],[3.5286,48.9121],[3.4619,48.8378],[3.4454,48.8432],[3.4522,48.8563],[3.3897,48.8712],[3.369,48.8939],[3.3722,48.9217],[3.3303,48.9087],[3.3048,48.9488],[3.2678,48.9383],[3.2518,48.9724],[3.161,49.0242],[3.1822,49.0524],[3.1586,49.0805],[3.1652,49.0997],[3.0719,49.1176],[3.1397,49.1526],[3.1444,49.162],[3.1214,49.1616],[3.1169,49.1893],[3.1027,49.1973],[3.0869,49.1845],[3.0188,49.2166],[3.0005,49.2136],[3.0021,49.1879],[3.0351,49.1836],[3.0378,49.1705],[2.9677,49.1916],[2.9648,49.2326],[3.0028,49.2357],[3.0217,49.2162],[3.0399,49.2262],[3.0269,49.2755],[3.0376,49.2864],[2.9946,49.2866],[2.9658,49.321],[3.0747,49.349],[3.0768,49.3713],[3.0954,49.3771],[3.0938,49.4337],[3.1626,49.4406],[3.1071,49.4682],[3.1213,49.4937],[3.0958,49.5134],[3.1212,49.521],[3.127,49.573],[3.1398,49.5762],[3.0936,49.6225],[3.1128,49.6313],[3.1054,49.6503],[3.1274,49.6696],[3.1255,49.6961],[3.0979,49.7666],[3.0613,49.7812],[3.086,49.792],[3.0849,49.818],[3.057,49.8328],[3.0775,49.8399],[3.0738,49.8757],[3.1202,49.8842],[3.118,49.9143],[3.203,49.9839],[3.1557,49.9918],[3.1727,50.012]],[[2.9902,49.2107],[3.0028,49.2188],[2.9867,49.2187],[2.9902,49.2107]]]}},{"type":"Feature","properties":{"code":"10","nom":"Aube"},"geometry":{"type":"Polygon","coordinates":[[[3.4148,48.3903],[3.4221,48.4133],[3.392,48.4243],[3.4065,48.4525],[3.3884,48.4804],[3.4346,48.4903],[3.4054,48.528],[3.4796,48.5447],[3.4734,48.5769],[3.5159,48.5898],[3.5039,48.6048],[3.5556,48.6203],[3.5826,48.5855],[3.6277,48.5757],[3.6436,48.5363],[3.7309,48.5375],[3.8227,48.5161],[3.8608,48.5339],[3.8543,48.5772],[3.9001,48.5748],[3.9084,48.6017],[3.9492,48.6034],[3.9865,48.6551],[4.0559,48.6671],[4.0803,48.7011],[4.1311,48.6862],[4.1664,48.7075],[4.2955,48.7132],[4.3256,48.7003],[4.3337,48.6771],[4.3214,48.6466],[4.3318,48.6303],[4.3159,48.6156],[4.4031,48.5613],[4.5129,48.5462],[4.5454,48.5253],[4.559,48.5434],[4.614,48.5538],[4.6665,48.5378],[4.6765,48.5192],[4.6535,48.4706],[4.6268,48.4681],[4.6703,48.4458],[4.7084,48.4012],[4.7602,48.3876],[4.7547,48.3667],[4.8413,48.3396],[4.8142,48.323],[4.8589,48.2636],[4.8432,48.2471],[4.8539,48.2288],[4.8352,48.2211],[4.8632,48.202],[4.838,48.169],[4.8501,48.1418],[4.8293,48.1296],[4.8356,48.1086],[4.7306,48.1182],[4.7045,48.0886],[4.663,48.0766],[4.7232,48.0458],[4.7042,48.0202],[4.5827,48.0295],[4.5358,48.0012],[4.56,47.9714],[4.309,47.9612],[4.2934,47.9257],[4.2481,47.9293],[4.2221,47.9497],[4.2285,47.9692],[4.2128,47.9717],[4.1992,47.9699],[4.2078,47.9466],[4.1854,47.9403],[4.1663,47.9598],[4.1118,47.927],[4.0613,47.9456],[4.0435,47.9281],[4.0056,47.942],[3.894,47.9293],[3.9147,47.9757],[3.8854,48.0003],[3.8783,47.9794],[3.85,47.9838],[3.8398,48.0039],[3.8706,48.0156],[3.822,48.0439],[3.8264,48.0636],[3.768,48.1338],[3.7397,48.1328],[3.7519,48.1613],[3.7185,48.1754],[3.7223,48.1568],[3.705,48.1443],[3.6679,48.1392],[3.6319,48.1894],[3.5942,48.1789],[3.5752,48.1887],[3.6216,48.2257],[3.6001,48.237],[3.6243,48.2545],[3.6168,48.2713],[3.5778,48.2846],[3.588,48.3008],[3.5441,48.3197],[3.5451,48.3345],[3.4982,48.3691],[3.4526,48.3744],[3.4275,48.36],[3.4148,48.3903]]]}},{"type":"Feature","properties":{"code":"14","nom":"Calvados"},"geometry":{"type":"Polygon","coordinates":[[[-1.1196,49.3556],[-1.0782,49.3885],[-0.9394,49.395],[-0.8512,49.3625],[-0.7588,49.35],[-0.3966,49.333],[-0.2257,49.2818],[-0.0872,49.2979],[0.004,49.3278],[0.1297,49.403],[0.2972,49.4299],[0.3017,49.3713],[0.3234,49.3406],[0.2982,49.3144],[0.323,49.297],[0.309,49.2832],[0.3446,49.2953],[0.3839,49.2855],[0.3828,49.264],[0.3231,49.2523],[0.3374,49.2315],[0.3947,49.2084],[0.3947,49.1501],[0.4237,49.1479],[0.3997,49.1005],[0.418,49.0739],[0.3869,49.0744],[0.3671,49.0524],[0.4463,49.015],[0.4128,48.9506],[0.3773,48.9726],[0.3338,48.9429],[0.2631,48.9647],[0.2422,48.9445],[0.1565,48.9248],[0.1366,48.95],[0.0807,48.938],[0.0564,48.9025],[-0.0307,48.8739],[-0.065,48.8439],[-0.1463,48.8344],[-0.138,48.8193],[-0.2044,48.8464],[-0.3059,48.8583],[-0.3286,48.8573],[-0.3462,48.822],[-0.4328,48.8746],[-0.5711,48.8302],[-0.6454,48.8272],[-0.6432,48.8407],[-0.6981,48.8436],[-0.6822,48.8218],[-0.7806,48.7867],[-0.8186,48.7548],[-0.8844,48.757],[-0.9671,48.7861],[-0.971,48.7728],[-1.0587,48.7733],[-1.1004,48.7897],[-1.1023,48.8143],[-1.1536,48.8222],[-1.1554,48.8365],[-1.0985,48.8761],[-1.0712,48.8703],[-1.0137,48.916],[-1.0226,48.9271],[-1.0755,48.9215],[-1.0565,48.9584],[-0.9999,48.9499],[-0.9427,48.9677],[-0.9051,49.0114],[-0.8695,49.027],[-0.8917,49.0463],[-0.8691,49.0679],[-0.8785,49.1171],[-0.9183,49.105],[-0.8915,49.1218],[-0.9585,49.1613],[-0.9265,49.1642],[-0.9079,49.1876],[-0.9009,49.203],[-0.9206,49.2211],[-0.9755,49.1922],[-1.0227,49.2034],[-1.1359,49.2703],[-1.1395,49.3099],[-1.1148,49.3252],[-1.1196,49.3556]]]}},{"type":"Feature","properties":{"code":"15","nom":"Cantal"},"geometry":{"type":"Polygon","coordinates":[[[2.5084,45.4785],[2.544,45.479],[2.5359,45.4581],[2.5672,45.4644],[2.5904,45.4501],[2.6223,45.4685],[2.6247,45.445],[2.6885,45.4377],[2.6807,45.4072],[2.7149,45.3816],[2.8149,45.401],[2.8677,45.3761],[2.882,45.3837],[2.9216,45.3658],[2.9486,45.3091],[3.0167,45.2871],[3.0586,45.3066],[3.0603,45.3306],[3.1035,45.3544],[3.1134,45.3272],[3.0906,45.3229],[3.1118,45.3137],[3.0823,45.2897],[3.1597,45.2952],[3.1678,45.2702],[3.205,45.282],[3.2225,45.272],[3.2354,45.2201],[3.2725,45.2092],[3.2624,45.1683],[3.288,45.1204],[3.3458,45.1125],[3.3481,45.1009],[3.3258,45.0951],[3.2833,45.1038],[3.2875,45.089],[3.3143,45.085],[3.2972,45.0361],[3.3106,45.0213],[3.3288,45.0301],[3.325,45.0098],[3.3699,45.0006],[3.3468,44.9875],[3.3613,44.9714],[3.3545,44.9548],[3.286,44.9264],[3.2595,44.9424],[3.2452,44.9348],[3.2497,44.9162],[3.2278,44.9099],[3.2253,44.882],[3.1823,44.8637],[3.1411,44.9033],[3.1055,44.8868],[3.0995,44.8336],[3.0715,44.8341],[3.0769,44.8244],[3.0457,44.7991],[3.0284,44.7326],[3.0391,44.715],[3.0251,44.7161],[2.973,44.6457],[2.9393,44.6778],[2.9233,44.7286],[2.9335,44.7501],[2.9172,44.7567],[2.9345,44.7792],[2.9202,44.7943],[2.8897,44.7884],[2.8597,44.8745],[2.802,44.8736],[2.7727,44.8555],[2.7735,44.9151],[2.7383,44.9412],[2.6027,44.8432],[2.5994,44.7928],[2.5627,44.7758],[2.5561,44.7213],[2.4989,44.687],[2.4901,44.6568],[2.435,44.6389],[2.3485,44.6415],[2.3268,44.6697],[2.291,44.6666],[2.2084,44.6438],[2.2075,44.6155],[2.1694,44.6381],[2.1792,44.6744],[2.1553,44.7002],[2.1301,44.6985],[2.1522,44.7367],[2.1494,44.7698],[2.1667,44.7727],[2.1658,44.8129],[2.0837,44.8874],[2.1081,44.9106],[2.0786,44.9325],[2.0629,44.9765],[2.133,44.9855],[2.1406,45.0059],[2.0993,45.0476],[2.1037,45.0658],[2.1718,45.0815],[2.1788,45.1363],[2.2336,45.1672],[2.2012,45.1815],[2.1954,45.2209],[2.3177,45.323],[2.3594,45.3358],[2.3513,45.3486],[2.3683,45.3886],[2.3551,45.415],[2.4778,45.3704],[2.5227,45.3821],[2.522,45.4022],[2.4928,45.4138],[2.5084,45.4785]]]}},{"type":"Feature","properties":{"code":"28","nom":"Eure-et-Loir"},"geometry":{"type":"Polygon","coordinates":[[[0.8148,48.6702],[0.8884,48.7189],[0.9212,48.7092],[1.0316,48.7306],[1.0591,48.7568],[1.1127,48.7519],[1.119,48.7824],[1.1521,48.7856],[1.1533,48.774],[1.2235,48.7581],[1.246,48.7697],[1.2702,48.7575],[1.3329,48.7626],[1.3744,48.7826],[1.3622,48.8342],[1.4654,48.8776],[1.448,48.9246],[1.5015,48.9411],[1.5129,48.9226],[1.5386,48.9218],[1.5573,48.8916],[1.5462,48.8724],[1.5952,48.8397],[1.5757,48.7905],[1.5849,48.7633],[1.6264,48.7481],[1.5795,48.7018],[1.6118,48.6895],[1.6025,48.6638],[1.6432,48.6513],[1.6662,48.6137],[1.7149,48.6144],[1.7092,48.578],[1.7872,48.5537],[1.7786,48.5081],[1.8015,48.4661],[1.8364,48.4665],[1.8775,48.4406],[1.9304,48.4534],[1.9378,48.4264],[1.9259,48.4127],[1.9766,48.3994],[1.9664,48.3816],[1.9868,48.3621],[1.9734,48.353],[1.9823,48.3283],[1.9592,48.3087],[1.9941,48.2866],[1.9621,48.2396],[1.9777,48.2013],[1.9515,48.1896],[1.971,48.1711],[1.9143,48.1675],[1.913,48.131],[1.8657,48.0839],[1.6246,48.0672],[1.5941,48.0307],[1.5453,48.0446],[1.5471,48.0296],[1.513,48.0287],[1.5201,47.9823],[1.4397,48.0119],[1.4401,47.9836],[1.4155,47.9705],[1.3869,47.9813],[1.3654,47.9547],[1.3462,47.9651],[1.3086,47.9539],[1.2996,47.9682],[1.2682,47.9615],[1.2368,47.9788],[1.1915,47.972],[1.2026,47.9774],[1.1888,47.9964],[1.1212,48.0391],[1.1122,48.0807],[0.9958,48.089],[1.0456,48.1176],[1.0387,48.1316],[0.9973,48.1275],[0.9503,48.0993],[0.944,48.1124],[0.8412,48.1031],[0.8526,48.1336],[0.9138,48.1351],[0.9116,48.1489],[0.7956,48.188],[0.8305,48.2107],[0.7876,48.2613],[0.7943,48.285],[0.7776,48.3028],[0.7602,48.2982],[0.7842,48.3345],[0.9149,48.3743],[0.9763,48.4391],[0.9357,48.4756],[0.9563,48.4823],[0.9416,48.4987],[0.9666,48.5227],[0.9226,48.5377],[0.9388,48.5506],[0.9264,48.5594],[0.8677,48.5735],[0.8466,48.6048],[0.8196,48.6099],[0.8314,48.6338],[0.8148,48.6702]]]}},{"type":"Feature","properties":{"code":"35","nom":"Ille-et-Vilaine"},"geometry":{"type":"MultiPolygon","coordinates":[[[[-2.0069,48.5661],[-2.0462,48.544],[-2.0448,48.5642],[-2.1233,48.589],[-2.1503,48.6271],[-2.1151,48.6406],[-2.0487,48.637],[-2.0551,48.6273],[-2.0303,48.623],[-2.0336,48.6095],[-1.9947,48.5784],[-2.0069,48.5661]]],[[[-1.948,48.5388],[-1.9689,48.5391],[-1.9612,48.5503],[-1.982,48.574],[-1.9813,48.5862],[-1.9593,48.5762],[-1.9678,48.5921],[-2.011,48.6047],[-2.0024,48.6131],[-2.029,48.6469],[-1.9698,48.6863],[-1.8561,48.7049],[-1.8371,48.6792],[-1.8717,48.6474],[-1.8221,48.61],[-1.7018,48.6072],[-1.5711,48.6264],[-1.5189,48.5666],[-1.5333,48.548],[-1.4899,48.4894],[-1.4493,48.4861],[-1.4291,48.4626],[-1.3464,48.4717],[-1.2543,48.5433],[-1.0702,48.5085],[-1.0783,48.4812],[-1.0654,48.4517],[-1.0828,48.4331],[-1.0539,48.384],[-1.0646,48.3683],[-1.045,48.3277],[-1.0821,48.2984],[-1.1001,48.2593],[-1.0496,48.0898],[-1.0233,48.0689],[-1.0338,48.0521],[-1.0213,47.9949],[-1.1228,47.9867],[-1.154,47.9658],[-1.1762,47.8974],[-1.1966,47.8893],[-1.1892,47.868],[-1.2165,47.8572],[-1.2459,47.7767],[-1.3529,47.7977],[-1.3904,47.8283],[-1.4818,47.8319],[-1.4669,47.8098],[-1.6164,47.7642],[-1.6548,47.7126],[-1.7134,47.6993],[-1.864,47.707],[-1.9538,47.6723],[-1.9691,47.6884],[-2.097,47.6314],[-2.1315,47.7222],[-2.0587,47.7383],[-2.0608,47.7493],[-2.1282,47.7614],[-2.0723,47.7904],[-2.0675,47.8133],[-2.0358,47.8323],[-2.0559,47.8682],[-2.0902,47.8438],[-2.1087,47.8485],[-2.0973,47.8648],[-2.112,47.8919],[-2.0791,47.9195],[-2.1369,47.9791],[-2.2396,47.9995],[-2.2818,47.991],[-2.2686,48.0352],[-2.2419,48.0528],[-2.1937,48.0514],[-2.1685,48.0762],[-2.2205,48.0797],[-2.2523,48.0632],[-2.2555,48.1094],[-2.2837,48.1448],[-2.2359,48.1448],[-2.2482,48.1528],[-2.2285,48.1651],[-2.2281,48.2105],[-2.1902,48.2085],[-2.187,48.2464],[-2.1101,48.2529],[-2.0533,48.2983],[-2.0141,48.2795],[-1.9782,48.3016],[-1.9646,48.2904],[-1.9548,48.3171],[-1.9669,48.3428],[-1.9306,48.3501],[-1.943,48.361],[-1.9368,48.4201],[-1.9519,48.4292],[-1.9486,48.4465],[-1.909,48.4816],[-1.9249,48.5423],[-1.948,48.5388]]]]}},{"type":"Feature","properties":{"code":"39","nom":"Jura"},"geometry":{"type":"Polygon","coordinates":[[[5.5185,47.3042],[5.5745,47.2541],[5.6423,47.2562],[5.676,47.2757],[5.7197,47.2404],[5.7204,47.2199],[5.8115,47.1691],[5.8273,47.1425],[5.7723,47.0949],[5.7799,47.0636],[5.7634,47.0448],[5.737,47.0498],[5.7527,47.0398],[5.7408,47.0311],[5.7495,47.0172],[5.7876,47.0206],[5.8158,47.0458],[5.8286,47.0122],[5.9686,46.9804],[5.9665,46.954],[5.9968,46.9331],[5.9857,46.9061],[6.0117,46.8889],[6.0058,46.8731],[6.0327,46.8709],[6.0242,46.8555],[6.1057,46.8452],[6.2033,46.7727],[6.1803,46.7416],[6.0698,46.6895],[6.1038,46.6498],[6.0486,46.6077],[6.1528,46.5361],[6.0739,46.4639],[6.0844,46.4474],[6.064,46.4162],[5.8702,46.2653],[5.7252,46.2607],[5.7147,46.3088],[5.6529,46.3232],[5.6493,46.3395],[5.542,46.2702],[5.4731,46.2651],[5.4568,46.2745],[5.4669,46.3233],[5.4378,46.3151],[5.4171,46.3395],[5.4102,46.3091],[5.363,46.3709],[5.377,46.3814],[5.3077,46.4168],[5.3231,46.4565],[5.4157,46.4731],[5.4195,46.5023],[5.3592,46.5226],[5.3621,46.5773],[5.3976,46.5798],[5.4134,46.6004],[5.3986,46.6125],[5.4375,46.6298],[5.4155,46.655],[5.4221,46.673],[5.3954,46.6851],[5.4078,46.6959],[5.3911,46.7287],[5.3613,46.7316],[5.3855,46.7621],[5.3805,46.7763],[5.3401,46.7908],[5.3286,46.813],[5.4568,46.831],[5.4593,46.8552],[5.4018,46.8683],[5.3908,46.8944],[5.3634,46.8833],[5.3287,46.8943],[5.3085,46.9374],[5.2633,46.9359],[5.2549,46.9716],[5.3101,47.018],[5.2753,47.0269],[5.2829,47.0452],[5.3222,47.073],[5.386,47.082],[5.4087,47.1261],[5.44,47.1444],[5.4592,47.1834],[5.4457,47.1996],[5.4766,47.216],[5.4883,47.2893],[5.5047,47.2857],[5.5185,47.3042]]]}},{"type":"Feature","properties":{"code":"40","nom":"Landes"},"geometry":{"type":"Polygon","coordinates":[[[-1.2539,44.4676],[-1.1065,44.5028],[-1.0852,44.5322],[-1.0266,44.5071],[-0.9912,44.5119],[-0.9807,44.4829],[-1.0292,44.4227],[-0.9192,44.4433],[-0.8173,44.4204],[-0.7724,44.4401],[-0.6819,44.4441],[-0.676,44.4573],[-0.6288,44.4432],[-0.6276,44.3981],[-0.5281,44.3647],[-0.5176,44.3391],[-0.4318,44.3226],[-0.4306,44.3032],[-0.3834,44.2863],[-0.3896,44.2095],[-0.2721,44.1938],[-0.2234,44.2059],[-0.2283,44.256],[-0.1941,44.269],[-0.1407,44.2264],[-0.1292,44.1524],[-0.0042,44.15],[0.0346,44.1307],[0.1351,44.1242],[0.0606,44.0249],[0.076,43.9831],[0.0553,43.958],[0.0766,43.9165],[0.0592,43.8979],[-0.0136,43.9236],[0.0067,43.9537],[-0.0362,43.9837],[-0.1023,43.9274],[-0.1259,43.9444],[-0.1656,43.9276],[-0.1791,43.9379],[-0.2276,43.911],[-0.2344,43.899],[-0.191,43.8752],[-0.2089,43.8577],[-0.1881,43.8326],[-0.1925,43.8102],[-0.2175,43.8099],[-0.2189,43.7963],[-0.2079,43.7606],[-0.2189,43.7509],[-0.1956,43.7458],[-0.2467,43.7107],[-0.2391,43.6939],[-0.2559,43.6798],[-0.2397,43.6712],[-0.2432,43.6545],[-0.2638,43.6359],[-0.2821,43.6431],[-0.2796,43.6182],[-0.2472,43.616],[-0.2428,43.585],[-0.2764,43.5848],[-0.336,43.5509],[-0.406,43.5682],[-0.452,43.5504],[-0.4634,43.5666],[-0.4357,43.5787],[-0.4483,43.5961],[-0.5572,43.5428],[-0.5671,43.5582],[-0.6154,43.5386],[-0.6535,43.5565],[-0.6432,43.5744],[-0.699,43.561],[-0.7154,43.5411],[-0.7683,43.5795],[-0.8428,43.5434],[-0.9933,43.5398],[-0.9934,43.5054],[-1.069,43.5085],[-1.0808,43.5229],[-1.1476,43.4879],[-1.1652,43.5082],[-1.133,43.5208],[-1.1708,43.5456],[-1.2912,43.4982],[-1.4178,43.4978],[-1.4766,43.5392],[-1.5249,43.5297],[-1.4482,43.6423],[-1.3123,44.1448],[-1.2539,44.4676]]]}},{"type":"Feature","properties":{"code":"42","nom":"Loire"},"geometry":{"type":"Polygon","coordinates":[[[3.8995,46.2759],[3.9077,46.2425],[3.8901,46.2145],[3.9725,46.2027],[3.9818,46.1763],[4.0309,46.1719],[4.1041,46.1984],[4.1661,46.1729],[4.2079,46.1948],[4.2247,46.178],[4.2525,46.1879],[4.2519,46.1671],[4.2825,46.1569],[4.3271,46.1848],[4.3648,46.1836],[4.3775,46.2102],[4.4218,46.2086],[4.3962,46.1956],[4.4386,46.1679],[4.4219,46.1424],[4.3803,46.15],[4.3216,46.1292],[4.311,46.0792],[4.2804,46.0529],[4.2543,46.0527],[4.2779,46.0226],[4.3061,46.0212],[4.3006,45.9913],[4.2435,45.9972],[4.3437,45.9311],[4.3239,45.9005],[4.3422,45.8772],[4.3938,45.8652],[4.3885,45.806],[4.3494,45.7713],[4.3648,45.7495],[4.4029,45.7443],[4.3655,45.6985],[4.3659,45.6712],[4.4405,45.6235],[4.468,45.5867],[4.6149,45.5755],[4.6369,45.5456],[4.6589,45.5427],[4.6479,45.5568],[4.6831,45.5656],[4.6505,45.5283],[4.6551,45.4863],[4.7394,45.4866],[4.7605,45.4371],[4.7448,45.4213],[4.756,45.3657],[4.6145,45.3098],[4.6227,45.2913],[4.5986,45.2895],[4.5918,45.2713],[4.6024,45.2517],[4.4879,45.2322],[4.4366,45.2727],[4.3625,45.2644],[4.3497,45.2803],[4.3691,45.3003],[4.3319,45.3181],[4.3665,45.337],[4.3504,45.3582],[4.3082,45.371],[4.2717,45.3598],[4.2713,45.3746],[4.2264,45.3897],[4.1444,45.3841],[4.1582,45.3728],[4.0778,45.355],[4.0708,45.3361],[4.0433,45.3559],[4.0161,45.3286],[3.9796,45.3751],[3.9488,45.3751],[3.9083,45.3333],[3.8892,45.3945],[3.963,45.4355],[3.9844,45.4941],[3.9586,45.5118],[3.9544,45.556],[3.9323,45.5793],[3.8235,45.6324],[3.7802,45.6891],[3.7808,45.7244],[3.6907,45.7922],[3.7217,45.8136],[3.7164,45.8712],[3.7544,45.886],[3.7234,45.9219],[3.694,45.9307],[3.7019,45.9669],[3.7413,45.966],[3.756,45.9828],[3.7889,45.9739],[3.8254,45.996],[3.8068,46.0456],[3.8201,46.0806],[3.7898,46.1549],[3.8079,46.1616],[3.7685,46.2395],[3.8027,46.2385],[3.8049,46.2549],[3.8995,46.2759]]]}},{"type":"Feature","properties":{"code":"45","nom":"Loiret"},"geometry":{"type":"Polygon","coordinates":[[[1.9941,48.2866],[2.1062,48.3076],[2.1637,48.2984],[2.1544,48.3159],[2.1814,48.3137],[2.1982,48.3371],[2.2463,48.33],[2.2452,48.2984],[2.2669,48.3147],[2.2954,48.3082],[2.3277,48.3331],[2.4208,48.2993],[2.4238,48.2603],[2.5062,48.2385],[2.5229,48.2005],[2.5168,48.1668],[2.4832,48.1645],[2.4443,48.1315],[2.4511,48.1235],[2.5381,48.1407],[2.7065,48.1248],[2.7552,48.1457],[2.7415,48.1598],[2.7989,48.1683],[2.8099,48.1613],[2.8009,48.1333],[2.8209,48.1297],[2.868,48.1564],[2.9533,48.165],[3.0295,48.1332],[3.0159,48.1157],[3.0353,48.116],[3.0505,48.0723],[3.1243,48.0311],[3.1031,48.0241],[3.1246,48.006],[3.1284,47.971],[3.0103,47.9047],[3.002,47.8691],[3.0338,47.8439],[3.0125,47.8344],[3.0238,47.7866],[2.8567,47.7609],[2.8488,47.7259],[2.8585,47.712],[2.8766,47.7191],[2.9542,47.6458],[2.9363,47.6366],[2.938,47.5989],[2.9765,47.5694],[2.8575,47.5528],[2.8452,47.5449],[2.8746,47.5204],[2.8065,47.4945],[2.7326,47.538],[2.7194,47.4922],[2.6844,47.483],[2.6585,47.4879],[2.6559,47.5104],[2.612,47.5264],[2.6167,47.5409],[2.5632,47.5721],[2.4914,47.5683],[2.4373,47.6098],[2.373,47.5855],[2.2862,47.629],[2.2392,47.621],[2.2326,47.653],[2.22,47.6679],[2.2055,47.6623],[2.2061,47.6764],[2.0081,47.6773],[1.9608,47.6594],[1.9434,47.6601],[1.9424,47.6756],[1.8701,47.6742],[1.8556,47.6895],[1.8448,47.665],[1.7986,47.6384],[1.7399,47.6615],[1.6973,47.7384],[1.6266,47.761],[1.5929,47.7285],[1.5985,47.7396],[1.5479,47.7698],[1.5712,47.787],[1.5337,47.8205],[1.5351,47.8395],[1.5881,47.8764],[1.5814,47.9019],[1.5254,47.9291],[1.5648,47.9898],[1.5278,47.9814],[1.513,48.0287],[1.5941,48.0307],[1.6246,48.0672],[1.6557,48.0762],[1.7448,48.0661],[1.798,48.0769],[1.8015,48.0894],[1.8657,48.0839],[1.913,48.131],[1.9143,48.1675],[1.971,48.1711],[1.9515,48.1896],[1.9573,48.2036],[1.9777,48.2013],[1.9655,48.2555],[1.9941,48.2866]]]}},{"type":"Feature","properties":{"code":"47","nom":"Lot-et-Garonne"},"geometry":{"type":"Polygon","coordinates":[[[0.2973,44.7623],[0.3462,44.7225],[0.3408,44.7036],[0.3596,44.691],[0.3496,44.6601],[0.4147,44.6463],[0.5218,44.6785],[0.5412,44.6652],[0.5704,44.6749],[0.5772,44.694],[0.62,44.6913],[0.6305,44.7065],[0.6559,44.6942],[0.6574,44.6779],[0.685,44.6756],[0.7798,44.6834],[0.7927,44.6997],[0.827,44.6919],[0.8434,44.6635],[0.817,44.627],[0.8375,44.6057],[0.87,44.5973],[0.8779,44.6155],[0.9486,44.6406],[0.9968,44.6318],[1.0779,44.5846],[1.0132,44.5361],[0.9818,44.5439],[1.0162,44.5059],[1.009,44.48],[1.023,44.4754],[1.0247,44.443],[1.0575,44.4277],[1.059,44.3691],[0.95,44.3598],[0.9414,44.3453],[0.9199,44.3841],[0.8873,44.3664],[0.8961,44.3462],[0.8696,44.3094],[0.9164,44.3022],[0.9499,44.2764],[0.9278,44.2674],[0.9292,44.2302],[0.9063,44.1903],[0.8635,44.1933],[0.8536,44.175],[0.883,44.1755],[0.8794,44.1296],[0.7961,44.1456],[0.7962,44.1151],[0.7529,44.1023],[0.7367,44.0616],[0.6666,44.0251],[0.6279,44.0606],[0.5759,44.0759],[0.539,44.0537],[0.4595,44.0552],[0.4424,44.0288],[0.3815,44.0064],[0.3165,44.0101],[0.3179,43.995],[0.2051,44.019],[0.1668,43.9968],[0.1591,43.9739],[0.1386,43.9748],[0.141,43.9947],[0.1264,44.0003],[0.076,43.9831],[0.0627,44.0008],[0.0606,44.0249],[0.1326,44.1173],[-0.0042,44.15],[-0.1292,44.1524],[-0.1407,44.2264],[-0.0362,44.2714],[-0.0348,44.2967],[-0.0858,44.3376],[-0.0788,44.3537],[0.0236,44.3775],[-0.0106,44.4185],[0.0075,44.4471],[-0.013,44.4614],[-0.0155,44.5051],[0.0165,44.5285],[-0.0008,44.5477],[0.0707,44.5493],[0.0861,44.5758],[0.1509,44.6086],[0.1393,44.6271],[0.1652,44.6329],[0.1827,44.6611],[0.1416,44.6655],[0.1006,44.7012],[0.1334,44.7046],[0.1413,44.7374],[0.1845,44.749],[0.2017,44.7224],[0.2168,44.7241],[0.2265,44.7644],[0.2557,44.7501],[0.2973,44.7623]]]}},{"type":"Feature","properties":{"code":"55","nom":"Meuse"},"geometry":{"type":"Polygon","coordinates":[[[4.951,49.2369],[5.0512,49.2741],[5.0593,49.2897],[5.0398,49.2952],[5.0264,49.3359],[5.0602,49.3715],[5.0899,49.3703],[5.1038,49.3888],[5.0858,49.3988],[5.1159,49.4219],[5.1094,49.4554],[5.0624,49.4992],[5.1006,49.5358],[5.0894,49.5415],[5.1084,49.5553],[5.1123,49.5896],[5.1448,49.5899],[5.163,49.5635],[5.2328,49.5695],[5.2627,49.5418],[5.3118,49.5593],[5.3432,49.5942],[5.3794,49.5943],[5.3935,49.6171],[5.4536,49.5649],[5.4416,49.5522],[5.4663,49.5284],[5.4476,49.5174],[5.4824,49.4937],[5.4618,49.4527],[5.4813,49.4442],[5.4711,49.4285],[5.5005,49.4245],[5.4942,49.4072],[5.4487,49.4016],[5.4803,49.3823],[5.5011,49.4085],[5.6346,49.4374],[5.6881,49.4151],[5.7126,49.3635],[5.7384,49.352],[5.7215,49.3317],[5.7318,49.3113],[5.7626,49.3163],[5.7683,49.2998],[5.7209,49.2477],[5.7397,49.2305],[5.719,49.216],[5.7328,49.1951],[5.7596,49.2016],[5.7485,49.1251],[5.7634,49.1079],[5.8179,49.111],[5.807,49.0627],[5.8359,49.0661],[5.8542,49.0424],[5.8231,49.0231],[5.8048,48.9834],[5.8492,48.9612],[5.7472,48.9153],[5.7911,48.8866],[5.7651,48.8729],[5.781,48.8267],[5.7582,48.8012],[5.7761,48.7993],[5.714,48.7445],[5.7646,48.7011],[5.745,48.6714],[5.7589,48.6231],[5.8034,48.625],[5.7134,48.5806],[5.7161,48.5614],[5.7762,48.5404],[5.761,48.5215],[5.7652,48.4965],[5.7386,48.4661],[5.643,48.4685],[5.6516,48.4575],[5.616,48.4397],[5.5203,48.4324],[5.5013,48.4107],[5.4459,48.4246],[5.4085,48.4458],[5.4063,48.4649],[5.3495,48.482],[5.3056,48.5159],[5.2123,48.5288],[5.1651,48.5653],[5.1456,48.562],[5.1184,48.5955],[5.0709,48.5957],[5.0577,48.6297],[4.9993,48.6148],[4.9928,48.6583],[5.0108,48.6682],[4.9884,48.6844],[5.0064,48.6991],[4.9973,48.7096],[5.0139,48.7108],[5.0092,48.7414],[4.8886,48.8006],[4.8888,48.8172],[4.9357,48.8406],[4.913,48.8721],[4.9158,48.8998],[4.95,48.9305],[5.0126,48.9369],[5.0379,48.973],[4.9954,48.9826],[5.0327,48.9937],[5.0363,49.0243],[4.9687,49.0247],[5.0059,49.0594],[4.9921,49.1149],[4.9398,49.1851],[4.9934,49.2096],[4.9708,49.2361],[4.951,49.2369]],[[5.4556,49.4809],[5.4645,49.4903],[5.442,49.5036],[5.4299,49.4882],[5.4556,49.4809]]]}},{"type":"Feature","properties":{"code":"61","nom":"Orne"},"geometry":{"type":"Polygon","coordinates":[[[-0.8409,48.7522],[-0.6822,48.8218],[-0.7053,48.8385],[-0.5711,48.8302],[-0.4328,48.8746],[-0.3462,48.822],[-0.3286,48.8573],[-0.3059,48.8583],[-0.2044,48.8464],[-0.138,48.8193],[-0.1463,48.8344],[-0.065,48.8439],[-0.0307,48.8739],[0.0503,48.8993],[0.0807,48.938],[0.1276,48.9522],[0.148,48.929],[0.2422,48.9445],[0.2631,48.9647],[0.3338,48.9429],[0.3773,48.9726],[0.4128,48.9506],[0.3862,48.9104],[0.4574,48.8798],[0.5432,48.8755],[0.578,48.8936],[0.611,48.8532],[0.6294,48.8536],[0.6103,48.8313],[0.7584,48.768],[0.775,48.7375],[0.7306,48.7052],[0.7661,48.6968],[0.7641,48.6753],[0.7822,48.6665],[0.8148,48.6702],[0.8314,48.6338],[0.8178,48.6163],[0.8466,48.6048],[0.8506,48.5826],[0.9264,48.5594],[0.9388,48.5506],[0.9226,48.5377],[0.9666,48.5227],[0.9357,48.4756],[0.9763,48.4391],[0.9149,48.3743],[0.7854,48.3404],[0.7731,48.3255],[0.7622,48.3069],[0.7934,48.293],[0.7859,48.2711],[0.8305,48.2107],[0.7641,48.1816],[0.6532,48.2637],[0.5792,48.2444],[0.536,48.2498],[0.4876,48.3078],[0.4805,48.2986],[0.3954,48.3205],[0.364,48.4516],[0.2959,48.4802],[0.1697,48.4618],[0.1697,48.4494],[0.1162,48.4356],[0.0992,48.4103],[0.0678,48.4061],[0.0625,48.3822],[0.021,48.3802],[-0.0026,48.3973],[-0.0507,48.3752],[-0.0499,48.4476],[-0.1487,48.4581],[-0.1721,48.5021],[-0.145,48.521],[-0.2069,48.5629],[-0.2344,48.5623],[-0.2618,48.5479],[-0.2464,48.5426],[-0.2716,48.5074],[-0.3202,48.5229],[-0.3535,48.4839],[-0.3992,48.5102],[-0.4623,48.5127],[-0.654,48.4443],[-0.6637,48.4845],[-0.7021,48.4672],[-0.7303,48.4727],[-0.7359,48.4611],[-0.7198,48.4546],[-0.7573,48.4366],[-0.7745,48.4433],[-0.7779,48.4654],[-0.8132,48.4551],[-0.8604,48.5015],[-0.7742,48.5627],[-0.7422,48.6273],[-0.7629,48.6319],[-0.7734,48.6575],[-0.7374,48.6796],[-0.8179,48.7312],[-0.8492,48.7308],[-0.8409,48.7522]]]}},{"type":"Feature","properties":{"code":"62","nom":"Pas-de-Calais"},"geometry":{"type":"Polygon","coordinates":[[[2.0677,51.0065],[2.1353,50.9643],[2.2134,50.8105],[2.2886,50.777],[2.376,50.784],[2.4115,50.7667],[2.3409,50.7409],[2.3836,50.7006],[2.3635,50.6846],[2.3735,50.6727],[2.4032,50.6817],[2.4959,50.6312],[2.5336,50.6431],[2.5646,50.6245],[2.5866,50.6381],[2.6305,50.618],[2.6796,50.6359],[2.739,50.6093],[2.7525,50.6279],[2.7925,50.6337],[2.766,50.6491],[2.769,50.6637],[2.8092,50.6694],[2.8697,50.6311],[2.8424,50.6291],[2.7891,50.5831],[2.8157,50.566],[2.8134,50.5493],[2.7945,50.5492],[2.8002,50.5276],[2.887,50.5377],[2.899,50.5016],[2.9647,50.5128],[3.0208,50.4818],[3.0067,50.4573],[3.0173,50.4503],[3.0377,50.4416],[3.0672,50.4584],[3.0685,50.4256],[2.9823,50.4015],[3.0135,50.3594],[3.0843,50.3112],[3.0478,50.2937],[3.0511,50.2824],[3.0178,50.2846],[3.0122,50.2681],[3.1337,50.2662],[3.1884,50.2287],[3.1423,50.2177],[3.1314,50.1994],[3.1561,50.1837],[3.1022,50.1633],[3.1345,50.1432],[3.0958,50.1242],[3.1141,50.0922],[3.0745,50.0453],[3.0144,50.0591],[2.9715,50.0414],[2.9484,50.0534],[2.8566,50.0234],[2.8765,50.0422],[2.8578,50.0774],[2.7524,50.0401],[2.7426,50.0482],[2.7637,50.0606],[2.7809,50.1112],[2.7088,50.1285],[2.6972,50.1037],[2.7187,50.0881],[2.7046,50.0812],[2.576,50.1134],[2.5782,50.1399],[2.5513,50.1416],[2.5323,50.1151],[2.5162,50.1341],[2.4767,50.137],[2.4501,50.1244],[2.4297,50.0882],[2.3755,50.1093],[2.3898,50.1555],[2.4957,50.1946],[2.4518,50.2303],[2.4055,50.234],[2.3702,50.2098],[2.3341,50.2386],[2.3176,50.2351],[2.3312,50.2226],[2.3012,50.2129],[2.2738,50.2268],[2.1741,50.2089],[2.1498,50.1904],[2.1226,50.2107],[2.0857,50.201],[2.0641,50.2362],[2.0778,50.2488],[1.9461,50.2874],[1.9364,50.3015],[1.9588,50.3123],[1.9466,50.3314],[1.8992,50.3134],[1.7788,50.3619],[1.6707,50.331],[1.6452,50.3392],[1.6252,50.3718],[1.5847,50.3764],[1.5578,50.4047],[1.5774,50.5165],[1.5854,50.5374],[1.6268,50.5214],[1.5766,50.5722],[1.5784,50.6403],[1.5607,50.6997],[1.5736,50.7162],[1.5627,50.725],[1.596,50.7462],[1.6106,50.8038],[1.5806,50.8673],[1.6358,50.877],[1.7807,50.9549],[2.0677,51.0065]],[[2.9997,50.1296],[3.0106,50.1128],[3.0728,50.1312],[3.0681,50.1473],[3.0957,50.1626],[3.061,50.174],[3.0039,50.1502],[2.9997,50.1296]]]}},{"type":"Feature","properties":{"code":"63","nom":"Puy-de-Dôme"},"geometry":{"type":"Polygon","coordinates":[[[2.5654,46.143],[2.6407,46.1185],[2.6775,46.1728],[2.7225,46.1813],[2.7331,46.2233],[2.8103,46.1962],[2.8394,46.2507],[2.9214,46.2503],[2.9371,46.2429],[2.9365,46.2217],[2.9133,46.2103],[2.9111,46.1774],[2.9533,46.1709],[2.9637,46.1296],[3.0165,46.1024],[3.0874,46.1131],[3.1008,46.0823],[3.1281,46.0714],[3.3024,46.0658],[3.332,46.0441],[3.419,46.0743],[3.4715,46.0418],[3.4635,46.0179],[3.5885,46.0241],[3.632,45.9611],[3.6697,45.9612],[3.7481,45.8984],[3.7544,45.886],[3.7164,45.8712],[3.7269,45.8326],[3.7116,45.7995],[3.6907,45.7922],[3.7808,45.7244],[3.7802,45.6891],[3.8235,45.6324],[3.9323,45.5793],[3.9586,45.5118],[3.9844,45.4941],[3.9686,45.4754],[3.9751,45.4483],[3.8992,45.4103],[3.8974,45.3571],[3.8377,45.3657],[3.8083,45.3916],[3.7856,45.3693],[3.79,45.3539],[3.7408,45.353],[3.6999,45.3595],[3.6799,45.3842],[3.6258,45.3383],[3.5903,45.3572],[3.5706,45.4021],[3.5209,45.4024],[3.5013,45.4276],[3.42,45.3972],[3.359,45.421],[3.3337,45.4058],[3.2957,45.4181],[3.2907,45.4018],[3.2366,45.3945],[3.1681,45.3523],[3.1035,45.3544],[3.0603,45.3306],[3.0586,45.3066],[3.002,45.2902],[2.9486,45.3091],[2.9216,45.3658],[2.882,45.3837],[2.8735,45.3754],[2.8149,45.401],[2.7149,45.3816],[2.6807,45.4072],[2.6897,45.43],[2.6247,45.445],[2.6223,45.4685],[2.6049,45.4517],[2.5359,45.4581],[2.544,45.479],[2.5084,45.4785],[2.5163,45.5534],[2.4909,45.5604],[2.4646,45.5944],[2.4834,45.6393],[2.5143,45.6395],[2.5269,45.6949],[2.4846,45.7485],[2.4414,45.7624],[2.388,45.8274],[2.4478,45.8458],[2.4426,45.863],[2.4922,45.864],[2.555,45.9125],[2.5415,45.9215],[2.551,45.9358],[2.6108,45.9712],[2.5944,45.9894],[2.6025,46.0335],[2.5717,46.0487],[2.5519,46.0835],[2.5654,46.143]]]}},{"type":"Feature","properties":{"code":"67","nom":"Bas-Rhin"},"geometry":{"type":"Polygon","coordinates":[[[7.6353,49.0542],[7.7565,49.0456],[7.793,49.0635],[7.8688,49.0342],[7.9346,49.0578],[7.9749,49.0277],[8.0481,49.0142],[8.0914,48.9893],[8.2268,48.9741],[8.1479,48.9038],[8.0963,48.8104],[8.0291,48.7865],[8.0147,48.7612],[7.9718,48.7576],[7.9673,48.727],[7.8909,48.6631],[7.8398,48.6414],[7.8002,48.5787],[7.807,48.5223],[7.7682,48.4897],[7.7318,48.3929],[7.7399,48.3217],[7.6893,48.2933],[7.6678,48.2239],[7.6011,48.1584],[7.6006,48.1388],[7.5529,48.1218],[7.5194,48.1261],[7.5203,48.1495],[7.4775,48.1566],[7.4731,48.1965],[7.4447,48.2174],[7.3183,48.2491],[7.2752,48.3052],[7.1983,48.3105],[7.1695,48.3423],[7.1219,48.3333],[7.0785,48.3511],[7.108,48.377],[7.0855,48.3987],[7.1172,48.4775],[7.0937,48.4893],[7.0937,48.5052],[7.1277,48.5095],[7.0645,48.5234],[7.0794,48.5364],[7.1679,48.5276],[7.2563,48.5887],[7.3043,48.6602],[7.2646,48.6627],[7.2425,48.6915],[7.2602,48.6943],[7.3109,48.7632],[7.2287,48.828],[7.1878,48.8339],[7.1846,48.8502],[7.1494,48.8447],[7.1268,48.8011],[7.0778,48.7856],[7.0672,48.7995],[7.0891,48.8068],[7.0471,48.8206],[7.0513,48.8463],[7.0981,48.8529],[6.9547,48.8939],[6.9646,48.9045],[6.9404,48.9239],[6.9789,48.9333],[6.9892,48.9599],[7.0322,48.956],[7.0309,48.9859],[7.0787,49.0504],[7.0759,49.074],[7.111,49.0719],[7.1017,49.0637],[7.1305,49.0046],[7.1742,49.0064],[7.2093,48.9801],[7.2931,48.9734],[7.2912,48.9566],[7.3268,48.9434],[7.4469,48.9658],[7.5383,48.933],[7.5784,48.9574],[7.6353,49.0542]]]}},{"type":"Feature","properties":{"code":"68","nom":"Haut-Rhin"},"geometry":{"type":"Polygon","coordinates":[[[7.1983,48.3105],[7.2752,48.3052],[7.3293,48.2455],[7.4769,48.2035],[7.4706,48.161],[7.5125,48.1523],[7.5194,48.1261],[7.5773,48.1204],[7.5685,48.0354],[7.6221,47.9723],[7.5567,47.8799],[7.5615,47.8387],[7.5313,47.7868],[7.5481,47.7396],[7.5138,47.7028],[7.5196,47.6678],[7.5928,47.6018],[7.5847,47.5773],[7.5034,47.542],[7.5014,47.5287],[7.5314,47.5283],[7.4869,47.4817],[7.4346,47.4979],[7.4227,47.4844],[7.4556,47.473],[7.4034,47.4355],[7.3017,47.4378],[7.2463,47.4222],[7.2358,47.4369],[7.1812,47.4415],[7.1967,47.4935],[7.1303,47.503],[7.1328,47.5397],[7.1062,47.5514],[7.0772,47.5981],[7.006,47.6024],[7.0463,47.6715],[7.0265,47.701],[7.0374,47.7216],[6.9426,47.7686],[6.8635,47.7852],[6.8428,47.8129],[6.92,47.8503],[6.9002,47.8912],[6.9278,47.9082],[6.9132,47.9194],[6.9434,47.998],[7.0156,48.038],[7.0298,48.0719],[7.0839,48.1222],[7.0589,48.1373],[7.0853,48.1809],[7.1983,48.3105]]]}},{"type":"Feature","properties":{"code":"76","nom":"Seine-Maritime"},"geometry":{"type":"Polygon","coordinates":[[[1.3797,50.065],[1.4465,50.0693],[1.4592,50.0625],[1.4565,50.0378],[1.594,49.9491],[1.6785,49.9181],[1.7125,49.8864],[1.7374,49.8082],[1.7845,49.7636],[1.7122,49.732],[1.7152,49.7128],[1.6896,49.6948],[1.7045,49.6809],[1.7506,49.6938],[1.7522,49.681],[1.7035,49.6452],[1.7216,49.622],[1.6952,49.5997],[1.7216,49.5888],[1.7272,49.5416],[1.7446,49.5396],[1.7192,49.5082],[1.7902,49.5035],[1.6986,49.3987],[1.607,49.4109],[1.5754,49.4401],[1.5374,49.4304],[1.4772,49.4513],[1.3452,49.4481],[1.3367,49.4277],[1.3096,49.4287],[1.3081,49.3954],[1.2855,49.3882],[1.2721,49.3463],[1.1603,49.342],[1.134,49.3098],[1.0481,49.2979],[1.0644,49.2819],[1.0412,49.2585],[0.9928,49.2532],[0.9708,49.2805],[0.9558,49.2715],[0.9365,49.3192],[0.9008,49.2971],[0.8948,49.316],[0.8525,49.3265],[0.8662,49.3423],[0.932,49.3447],[0.9181,49.3855],[0.8925,49.3722],[0.8703,49.3942],[0.7737,49.4181],[0.6653,49.402],[0.6409,49.4277],[0.5819,49.4336],[0.5025,49.4851],[0.339,49.4409],[0.1212,49.4632],[0.0696,49.5064],[0.1644,49.6836],[0.2117,49.7145],[0.3206,49.7416],[0.5729,49.8497],[0.7697,49.8721],[1.111,49.9391],[1.3797,50.065]]]}},{"type":"Feature","properties":{"code":"89","nom":"Yonne"},"geometry":{"type":"Polygon","coordinates":[[[2.9363,48.1634],[2.9347,48.1788],[3.0052,48.2077],[3.0315,48.2489],[3.0476,48.2497],[3.0159,48.3079],[3.0495,48.3601],[3.1034,48.3495],[3.1399,48.3726],[3.3652,48.3723],[3.3672,48.3943],[3.3833,48.3997],[3.4148,48.3903],[3.4275,48.36],[3.4526,48.3744],[3.4982,48.3691],[3.6243,48.2545],[3.6001,48.237],[3.6216,48.2257],[3.5752,48.1887],[3.5942,48.1789],[3.6319,48.1894],[3.6679,48.1392],[3.705,48.1443],[3.7223,48.1568],[3.7142,48.1706],[3.7519,48.1613],[3.7398,48.1387],[3.805,48.1025],[3.7986,48.0864],[3.8322,48.0362],[3.8706,48.0156],[3.87,48.0026],[3.8398,48.0039],[3.85,47.9838],[3.8783,47.9794],[3.8854,48.0003],[3.9147,47.9757],[3.894,47.9293],[4.0056,47.942],[4.0435,47.9281],[4.093,47.943],[4.0914,47.9296],[4.1118,47.927],[4.1663,47.9598],[4.2019,47.9412],[4.1992,47.9699],[4.2285,47.9692],[4.2221,47.9497],[4.2481,47.9293],[4.3033,47.9217],[4.3111,47.9039],[4.247,47.8776],[4.2646,47.8737],[4.261,47.8439],[4.3244,47.8472],[4.3403,47.7996],[4.3272,47.7857],[4.3325,47.7565],[4.2395,47.7244],[4.2723,47.6865],[4.2266,47.6782],[4.2491,47.6595],[4.2124,47.628],[4.1751,47.5533],[4.1155,47.515],[4.1302,47.4714],[4.1194,47.4436],[4.0986,47.4305],[4.0869,47.44],[4.0661,47.4073],[4.0883,47.3965],[4.0762,47.3835],[4.0879,47.3723],[4.1066,47.3759],[4.1077,47.3459],[4.0502,47.3402],[4.0288,47.3156],[3.9993,47.3128],[3.9731,47.3327],[3.9734,47.3729],[3.9482,47.3935],[3.9442,47.3802],[3.8714,47.3673],[3.8635,47.3958],[3.8933,47.4106],[3.8799,47.4298],[3.8515,47.4356],[3.8185,47.3802],[3.7743,47.4059],[3.7263,47.3982],[3.6734,47.4357],[3.679,47.4455],[3.6003,47.4654],[3.5871,47.4562],[3.5806,47.4979],[3.5218,47.5222],[3.4924,47.5601],[3.4902,47.4968],[3.3973,47.5089],[3.3463,47.4724],[3.2852,47.5039],[3.2355,47.4892],[3.2046,47.523],[3.1652,47.5175],[3.1221,47.5411],[3.1207,47.5782],[3.102,47.588],[3.0256,47.5588],[2.9623,47.5768],[2.938,47.5989],[2.9363,47.6366],[2.9542,47.6458],[2.8842,47.7142],[2.849,47.7168],[2.8567,47.7609],[3.0238,47.7866],[3.0125,47.8344],[3.0311,47.838],[3.0242,47.8604],[3.0054,47.864],[3.0072,47.8953],[3.1284,47.971],[3.1246,48.006],[3.1041,48.0135],[3.1204,48.0272],[3.0505,48.0723],[3.0353,48.116],[3.0159,48.1157],[3.0295,48.1332],[2.9363,48.1634]]]}},{"type":"Feature","properties":{"code":"93","nom":"Seine-Saint-Denis"},"geometry":{"type":"Polygon","coordinates":[[[2.5531,49.0098],[2.5803,48.9916],[2.5634,48.9777],[2.6026,48.9294],[2.5838,48.8954],[2.5626,48.8889],[2.5681,48.8659],[2.5873,48.865],[2.5738,48.8534],[2.5965,48.8109],[2.4956,48.8608],[2.4163,48.8492],[2.3949,48.8984],[2.3199,48.9005],[2.3138,48.914],[2.3364,48.9323],[2.291,48.951],[2.299,48.9663],[2.3664,48.9742],[2.4595,48.955],[2.5531,49.0098]]]}},{"type":"Feature","properties":{"code":"04","nom":"Alpes-de-Haute-Provence"},"geometry":{"type":"Polygon","coordinates":[[[5.676,44.1914],[5.7954,44.2135],[5.9093,44.1905],[5.9147,44.2034],[5.8818,44.211],[5.8239,44.2789],[5.8364,44.2968],[5.866,44.2959],[5.9132,44.2487],[5.9251,44.3134],[5.8961,44.3186],[5.9043,44.3379],[5.9374,44.3594],[5.9537,44.3951],[6.0711,44.4505],[6.0837,44.4778],[6.1556,44.462],[6.1562,44.4421],[6.2282,44.3817],[6.2625,44.4123],[6.2337,44.4638],[6.2933,44.4809],[6.3271,44.4636],[6.3483,44.4981],[6.3324,44.51],[6.3573,44.5226],[6.4139,44.4693],[6.4693,44.4513],[6.6324,44.4471],[6.6815,44.5392],[6.7372,44.5525],[6.7722,44.5889],[6.8398,44.6086],[6.9082,44.6567],[6.9483,44.6548],[6.9668,44.6253],[6.9132,44.5588],[6.8585,44.5344],[6.882,44.4773],[6.9446,44.4321],[6.8929,44.4208],[6.8874,44.3611],[6.8036,44.3203],[6.7903,44.2723],[6.7629,44.279],[6.724,44.2498],[6.725,44.2263],[6.6865,44.1693],[6.7553,44.0786],[6.7457,44.0432],[6.836,43.9906],[6.8519,43.9548],[6.9414,43.9042],[6.8846,43.8891],[6.8307,43.9184],[6.7456,43.8721],[6.6726,43.8884],[6.6973,43.8737],[6.6987,43.8552],[6.6679,43.8309],[6.712,43.8149],[6.6918,43.8046],[6.6279,43.7916],[6.62,43.8055],[6.5869,43.8053],[6.5549,43.7841],[6.5248,43.8064],[6.4821,43.7911],[6.4388,43.7977],[6.4144,43.7916],[6.4135,43.7604],[6.3835,43.7344],[6.3263,43.7469],[6.2456,43.8024],[6.2167,43.7995],[6.1543,43.7436],[6.1068,43.7448],[6.0217,43.6683],[5.9854,43.714],[5.9405,43.7273],[5.9275,43.7502],[5.8562,43.7236],[5.7813,43.7557],[5.7573,43.7294],[5.6564,43.8194],[5.5782,43.8299],[5.5445,43.8182],[5.5497,43.8512],[5.6071,43.9138],[5.5816,43.915],[5.5676,43.9426],[5.5121,43.946],[5.5086,43.9598],[5.5437,44.0287],[5.5446,44.0699],[5.5026,44.0634],[5.4988,44.1157],[5.583,44.1576],[5.5644,44.1709],[5.5762,44.188],[5.6396,44.1676],[5.6311,44.1506],[5.6786,44.1461],[5.6827,44.1632],[5.647,44.1663],[5.6523,44.1854],[5.676,44.1914]]]}},{"type":"Feature","properties":{"code":"05","nom":"Hautes-Alpes"},"geometry":{"type":"Polygon","coordinates":[[[6.2606,45.1268],[6.2863,45.1102],[6.3313,45.1181],[6.3629,45.1045],[6.3651,45.0713],[6.4535,45.0518],[6.4862,45.0561],[6.4813,45.0941],[6.5104,45.109],[6.5297,45.0986],[6.5765,45.1231],[6.6155,45.1215],[6.6621,45.0716],[6.6739,45.0196],[6.7408,45.0167],[6.7512,44.9976],[6.7376,44.9915],[6.7649,44.9597],[6.7498,44.9074],[6.8599,44.8529],[6.9138,44.8454],[6.9278,44.86],[7.0068,44.8393],[7.0218,44.8215],[6.9996,44.7894],[7.0771,44.6809],[6.9871,44.6901],[6.9483,44.6548],[6.9145,44.6595],[6.8398,44.6086],[6.7722,44.5889],[6.7372,44.5525],[6.6843,44.5413],[6.6682,44.5001],[6.6417,44.4853],[6.6324,44.4471],[6.4693,44.4513],[6.4139,44.4693],[6.362,44.5221],[6.3324,44.51],[6.3483,44.4981],[6.3271,44.4636],[6.2933,44.4809],[6.2337,44.4638],[6.2625,44.4123],[6.2282,44.3817],[6.1736,44.4395],[6.1624,44.4345],[6.1556,44.462],[6.0837,44.4778],[6.0711,44.4505],[5.9537,44.3951],[5.8961,44.3186],[5.9251,44.3134],[5.9132,44.2487],[5.866,44.2959],[5.8364,44.2968],[5.8239,44.2789],[5.8818,44.211],[5.9147,44.2034],[5.9093,44.1905],[5.7954,44.2135],[5.676,44.1914],[5.6864,44.1972],[5.6726,44.2457],[5.6866,44.2669],[5.6468,44.2671],[5.6378,44.2997],[5.6079,44.3067],[5.6316,44.3283],[5.5491,44.3304],[5.5135,44.3475],[5.4931,44.3372],[5.463,44.3671],[5.4344,44.3696],[5.4424,44.3817],[5.4228,44.4168],[5.4339,44.4332],[5.4765,44.4197],[5.4968,44.4385],[5.4644,44.4479],[5.4569,44.4962],[5.6036,44.4655],[5.6298,44.5012],[5.6645,44.5019],[5.5973,44.5433],[5.6475,44.6128],[5.6417,44.6511],[5.726,44.6394],[5.7539,44.6627],[5.7906,44.6533],[5.8246,44.6853],[5.8271,44.7003],[5.8015,44.7068],[5.8271,44.7597],[5.8795,44.747],[5.9525,44.7621],[5.9801,44.7812],[5.9538,44.7995],[5.9782,44.818],[6.0302,44.8381],[6.0563,44.8159],[6.1284,44.8619],[6.2505,44.8527],[6.2882,44.874],[6.3363,44.8484],[6.3554,44.8548],[6.3588,44.9413],[6.329,44.9473],[6.3197,44.9946],[6.2039,45.0125],[6.2201,45.0654],[6.2401,45.0677],[6.2297,45.1006],[6.2606,45.1268]]]}},{"type":"Feature","properties":{"code":"07","nom":"Ardèche"},"geometry":{"type":"Polygon","coordinates":[[[4.4831,45.2364],[4.5843,45.2441],[4.6024,45.2517],[4.5986,45.2895],[4.6227,45.2913],[4.6145,45.3098],[4.66,45.3385],[4.756,45.3657],[4.7726,45.3549],[4.7605,45.3275],[4.8095,45.2898],[4.8048,45.194],[4.8291,45.1567],[4.8045,45.1219],[4.8274,45.1021],[4.8277,45.078],[4.8608,45.0554],[4.8375,45.0117],[4.8866,44.9367],[4.8579,44.9032],[4.8413,44.8426],[4.8217,44.8387],[4.8225,44.8171],[4.7619,44.7694],[4.7791,44.6547],[4.7412,44.5888],[4.7103,44.5815],[4.6924,44.5559],[4.707,44.5308],[4.6882,44.5055],[4.7008,44.4654],[4.6717,44.4356],[4.6489,44.3725],[4.6492,44.2704],[4.5587,44.3024],[4.5035,44.3402],[4.4576,44.3416],[4.4405,44.2841],[4.399,44.2889],[4.3942,44.3453],[4.3361,44.3395],[4.2884,44.3147],[4.2894,44.2932],[4.2588,44.2648],[4.1867,44.2997],[4.1777,44.3179],[4.1429,44.3134],[4.1267,44.3377],[4.0515,44.3173],[4.0369,44.3308],[4.0555,44.3656],[4.0425,44.3946],[4.0684,44.4051],[4.0355,44.4201],[4.0376,44.4457],[3.9875,44.4734],[3.9837,44.5102],[3.9452,44.5738],[3.9285,44.57],[3.9052,44.5927],[3.8947,44.6511],[3.8733,44.6782],[3.8845,44.6973],[3.8615,44.712],[3.8755,44.7406],[3.8625,44.7439],[3.9248,44.7696],[3.9456,44.8244],[3.9632,44.8298],[3.9817,44.8118],[3.98,44.8301],[3.9957,44.8213],[4.0284,44.8341],[4.0202,44.8457],[4.0396,44.8732],[4.1562,44.8733],[4.236,44.9704],[4.25,44.9606],[4.3117,44.9718],[4.2898,44.9973],[4.2972,45.017],[4.3788,45.0362],[4.378,45.0543],[4.3464,45.0746],[4.3753,45.1048],[4.3996,45.1048],[4.3702,45.1303],[4.3766,45.1444],[4.4227,45.1373],[4.437,45.1095],[4.4377,45.1217],[4.4573,45.119],[4.4473,45.157],[4.4804,45.1953],[4.4831,45.2364]]]}},{"type":"Feature","properties":{"code":"08","nom":"Ardennes"},"geometry":{"type":"Polygon","coordinates":[[[4.2331,49.9578],[4.3015,49.9662],[4.4384,49.941],[4.5104,49.9467],[4.5737,49.9803],[4.6889,49.9955],[4.6959,50.0591],[4.6832,50.0649],[4.7021,50.0955],[4.7516,50.1121],[4.7622,50.1364],[4.8226,50.1683],[4.832,50.154],[4.8796,50.152],[4.895,50.1404],[4.8685,50.1166],[4.8685,50.0976],[4.8512,50.1014],[4.8379,50.0671],[4.8193,50.0659],[4.8408,50.0459],[4.7909,49.9584],[4.8502,49.9465],[4.8877,49.9063],[4.8517,49.8562],[4.8739,49.8208],[4.8554,49.7924],[4.9988,49.7993],[5.0089,49.7819],[5.0935,49.7637],[5.1231,49.7173],[5.1533,49.7184],[5.1662,49.6929],[5.2692,49.6961],[5.3328,49.6528],[5.3047,49.6294],[5.3117,49.6135],[5.343,49.6267],[5.3935,49.6171],[5.3794,49.5943],[5.3432,49.5942],[5.3118,49.5593],[5.2627,49.5418],[5.2131,49.5735],[5.1687,49.5632],[5.1448,49.5899],[5.1183,49.5931],[5.1046,49.5759],[5.1131,49.5606],[5.0894,49.5415],[5.1006,49.5358],[5.0646,49.5085],[5.083,49.4704],[5.1094,49.4554],[5.1159,49.4219],[5.0864,49.4026],[5.1038,49.3888],[5.0899,49.3703],[5.0602,49.3715],[5.0343,49.34],[5.0512,49.2741],[4.951,49.2369],[4.915,49.2651],[4.8809,49.2618],[4.8683,49.2285],[4.6861,49.2568],[4.6355,49.2321],[4.595,49.2707],[4.6,49.2886],[4.5558,49.2951],[4.4472,49.2725],[4.3934,49.2971],[4.3756,49.3238],[4.3068,49.3278],[4.2483,49.3823],[4.2013,49.3838],[4.1764,49.4022],[4.048,49.4056],[4.0423,49.4167],[4.0377,49.4383],[4.0602,49.4472],[4.0424,49.4687],[4.0407,49.5085],[4.0758,49.5183],[4.0767,49.5313],[4.0488,49.5453],[4.0766,49.5711],[4.0253,49.6225],[4.0433,49.6361],[4.1148,49.6353],[4.127,49.6779],[4.2247,49.7272],[4.2501,49.7571],[4.2096,49.7818],[4.2531,49.8723],[4.2541,49.904],[4.2187,49.9207],[4.2331,49.9578]]]}},{"type":"Feature","properties":{"code":"09","nom":"Ariège"},"geometry":{"type":"Polygon","coordinates":[[[1.6884,43.2736],[1.7238,43.2245],[1.7101,43.1897],[1.8248,43.1458],[1.8482,43.1459],[1.8436,43.1576],[1.8804,43.1415],[1.8809,43.1268],[1.9177,43.1332],[1.9495,43.1195],[1.9639,43.0692],[1.9411,43.0527],[1.985,43.0326],[1.9696,43.0079],[1.9851,43.0046],[1.9853,42.967],[2.0036,42.9605],[1.9622,42.9611],[1.9338,42.9393],[1.9806,42.9296],[1.9911,42.9046],[1.981,42.8784],[1.9457,42.8562],[1.8805,42.8527],[1.8602,42.8276],[1.8692,42.8151],[1.8961,42.8087],[1.9288,42.7749],[1.9082,42.7677],[1.9554,42.7367],[2.0863,42.7518],[2.1606,42.7011],[2.1759,42.6828],[2.1675,42.6734],[2.029,42.653],[2.0005,42.6616],[1.9718,42.6169],[1.801,42.5724],[1.7259,42.5904],[1.738,42.6113],[1.6015,42.628],[1.5493,42.6558],[1.4801,42.6514],[1.4683,42.6308],[1.4773,42.615],[1.4402,42.6035],[1.3896,42.6851],[1.3544,42.6995],[1.3569,42.7193],[1.2302,42.7276],[1.1728,42.7081],[1.0751,42.7853],[0.9831,42.7871],[0.9599,42.8056],[0.9273,42.7893],[0.8583,42.8257],[0.8324,42.92],[0.876,42.9269],[0.8764,42.9494],[0.9791,42.9744],[1.0189,43.0104],[0.9867,43.0275],[0.9852,43.0671],[1.0052,43.0807],[0.9923,43.098],[1.0117,43.1095],[1.0388,43.1005],[1.0496,43.1396],[1.088,43.1338],[1.1241,43.1569],[1.2087,43.118],[1.2236,43.0861],[1.2619,43.0917],[1.2596,43.1047],[1.302,43.124],[1.214,43.1624],[1.2437,43.1896],[1.3146,43.19],[1.3684,43.2092],[1.3752,43.2378],[1.3319,43.2488],[1.3307,43.2626],[1.2971,43.2624],[1.2933,43.2853],[1.324,43.3094],[1.373,43.3101],[1.4254,43.2566],[1.4176,43.2278],[1.4637,43.2106],[1.5046,43.2213],[1.4945,43.2862],[1.5176,43.2894],[1.5158,43.2773],[1.5408,43.2782],[1.565,43.2533],[1.5706,43.275],[1.6372,43.2551],[1.6351,43.2371],[1.6544,43.2434],[1.6512,43.2615],[1.6748,43.2812],[1.6884,43.2736]]]}},{"type":"Feature","properties":{"code":"17","nom":"Charente-Maritime"},"geometry":{"type":"MultiPolygon","coordinates":[[[[-1.4809,46.21],[-1.4582,46.2287],[-1.4129,46.2301],[-1.4439,46.2135],[-1.3639,46.2075],[-1.2568,46.161],[-1.3216,46.145],[-1.4616,46.2021],[-1.5353,46.2044],[-1.5614,46.2372],[-1.5006,46.2582],[-1.4745,46.2333],[-1.5127,46.2223],[-1.4809,46.21]]],[[[-1.1294,46.3103],[-0.9286,46.3711],[-0.9612,46.3234],[-0.9349,46.3129],[-0.8509,46.3172],[-0.8399,46.3404],[-0.8073,46.3393],[-0.7505,46.3043],[-0.7368,46.2714],[-0.753,46.2534],[-0.6907,46.2192],[-0.695,46.187],[-0.613,46.1615],[-0.6068,46.1528],[-0.6334,46.148],[-0.62,46.1378],[-0.547,46.1442],[-0.5061,46.1067],[-0.4452,46.0994],[-0.4225,46.1133],[-0.4225,46.0939],[-0.4005,46.0847],[-0.3828,46.0977],[-0.3381,46.0812],[-0.2931,46.0866],[-0.247,46.0507],[-0.194,46.0523],[-0.1892,46.0266],[-0.172,46.0329],[-0.1367,45.9793],[-0.0933,45.9598],[-0.0983,45.9351],[-0.149,45.9252],[-0.1317,45.911],[-0.1467,45.8978],[-0.1154,45.8707],[-0.1447,45.8397],[-0.1359,45.8199],[-0.1561,45.7795],[-0.191,45.7899],[-0.2217,45.7757],[-0.2428,45.7969],[-0.2948,45.8053],[-0.3213,45.7845],[-0.4004,45.7867],[-0.4022,45.773],[-0.4618,45.7513],[-0.46,45.7393],[-0.4011,45.7348],[-0.4196,45.7216],[-0.4229,45.6856],[-0.3825,45.6598],[-0.4089,45.6562],[-0.4251,45.6308],[-0.4165,45.6172],[-0.3871,45.6259],[-0.2967,45.5645],[-0.3212,45.5423],[-0.255,45.5212],[-0.2674,45.5091],[-0.242,45.5028],[-0.2862,45.4564],[-0.2674,45.4557],[-0.2486,45.4383],[-0.253,45.4226],[-0.2345,45.4191],[-0.3104,45.3861],[-0.3098,45.3737],[-0.252,45.3577],[-0.2503,45.3413],[-0.2779,45.3478],[-0.2887,45.3291],[-0.2743,45.3025],[-0.2267,45.3214],[-0.157,45.3046],[-0.1088,45.289],[-0.1127,45.2544],[0.0034,45.2287],[0.0017,45.1834],[-0.0179,45.1692],[-0.0007,45.1593],[-0.037,45.139],[-0.0402,45.1024],[-0.1012,45.1197],[-0.153,45.0888],[-0.1892,45.0945],[-0.3636,45.1703],[-0.3834,45.1433],[-0.4175,45.204],[-0.4051,45.2398],[-0.4238,45.2478],[-0.4161,45.2669],[-0.4712,45.2921],[-0.5595,45.2977],[-0.5872,45.3428],[-0.5945,45.3211],[-0.7527,45.3218],[-0.774,45.3692],[-0.8411,45.4351],[-1.0257,45.5747],[-0.993,45.5772],[-1.0203,45.6215],[-1.0489,45.6203],[-1.2093,45.6967],[-1.2303,45.6932],[-1.2438,45.7724],[-1.231,45.7889],[-1.1329,45.8074],[-1.1681,45.8451],[-1.121,45.8565],[-1.0812,45.8988],[-1.0769,45.9367],[-1.096,45.942],[-1.0643,45.9499],[-1.0943,45.9841],[-1.0527,46.0112],[-1.1007,46.0938],[-1.1432,46.1088],[-1.1253,46.1109],[-1.1264,46.1243],[-1.1729,46.1393],[-1.1618,46.1485],[-1.242,46.1574],[-1.2066,46.1847],[-1.199,46.2132],[-1.1183,46.2611],[-1.1294,46.3103]]],[[[-1.2503,45.846],[-1.2662,45.8782],[-1.3839,45.9514],[-1.4134,46.0469],[-1.3713,46.0393],[-1.3128,45.993],[-1.236,45.9815],[-1.2421,45.9575],[-1.2236,45.9131],[-1.1884,45.8867],[-1.2077,45.8503],[-1.1956,45.8297],[-1.2174,45.813],[-1.2364,45.8045],[-1.2503,45.846]]]]}},{"type":"Feature","properties":{"code":"19","nom":"Corrèze"},"geometry":{"type":"Polygon","coordinates":[[[1.8987,45.6983],[1.9484,45.7217],[1.9885,45.7214],[2.0017,45.7481],[2.0469,45.7639],[2.0814,45.7471],[2.0847,45.728],[2.1743,45.7322],[2.2023,45.7186],[2.194,45.699],[2.2727,45.6877],[2.2733,45.664],[2.3209,45.6686],[2.3663,45.713],[2.4358,45.6993],[2.4921,45.7377],[2.5183,45.7128],[2.5284,45.6819],[2.5129,45.6713],[2.5249,45.6572],[2.5143,45.6395],[2.4897,45.6424],[2.4653,45.6008],[2.5165,45.524],[2.4875,45.4188],[2.5262,45.3893],[2.4778,45.3704],[2.3551,45.415],[2.3594,45.3358],[2.3177,45.323],[2.1954,45.2209],[2.2012,45.1815],[2.2336,45.1672],[2.1788,45.1363],[2.1718,45.0815],[2.1457,45.0856],[2.0952,45.056],[2.1382,44.9928],[1.9854,44.9745],[1.9407,44.9551],[1.9391,44.9732],[1.9082,44.9784],[1.8239,44.9277],[1.7849,44.9373],[1.7749,44.9237],[1.7506,44.955],[1.711,44.9673],[1.7027,44.9878],[1.63,45.0336],[1.5763,45.0407],[1.552,45.0285],[1.5196,45.041],[1.462,45.0137],[1.3996,45.0612],[1.3864,45.1029],[1.4129,45.1251],[1.3074,45.1373],[1.2548,45.1593],[1.2921,45.1865],[1.2323,45.1977],[1.2336,45.2222],[1.2775,45.2421],[1.2758,45.2559],[1.2271,45.272],[1.2394,45.3228],[1.2726,45.3282],[1.3228,45.3827],[1.2596,45.3984],[1.2591,45.4198],[1.2893,45.4174],[1.2562,45.4523],[1.2703,45.4777],[1.2871,45.4899],[1.3501,45.4669],[1.4121,45.5281],[1.4391,45.5213],[1.4551,45.5533],[1.4804,45.5659],[1.4927,45.5493],[1.5849,45.5561],[1.593,45.5751],[1.6377,45.5804],[1.682,45.6254],[1.769,45.6568],[1.7839,45.6804],[1.8713,45.6647],[1.9056,45.678],[1.8987,45.6983]]]}},{"type":"Feature","properties":{"code":"24","nom":"Dordogne"},"geometry":{"type":"Polygon","coordinates":[[[0.6297,45.7146],[0.6542,45.6887],[0.7265,45.6944],[0.7758,45.6676],[0.7515,45.6183],[0.7755,45.5924],[0.8036,45.5962],[0.8115,45.5759],[0.8446,45.5841],[0.8711,45.6225],[0.8922,45.6013],[1.0233,45.6089],[1.0378,45.5687],[1.0804,45.534],[1.1103,45.5449],[1.1673,45.5248],[1.1359,45.5064],[1.1222,45.4772],[1.2359,45.455],[1.234,45.4399],[1.2882,45.4273],[1.2764,45.4135],[1.2591,45.4198],[1.2798,45.3845],[1.2988,45.3946],[1.3228,45.3827],[1.2726,45.3282],[1.2394,45.3228],[1.2271,45.272],[1.2758,45.2559],[1.2775,45.2421],[1.2278,45.206],[1.2921,45.1865],[1.2549,45.1651],[1.2965,45.1402],[1.4129,45.1251],[1.3864,45.1029],[1.3996,45.0612],[1.4483,45.0193],[1.4093,45.006],[1.4424,44.9165],[1.4135,44.9118],[1.4419,44.8776],[1.3614,44.8408],[1.3641,44.8116],[1.2996,44.7969],[1.316,44.7404],[1.3005,44.7431],[1.2878,44.7148],[1.2704,44.7224],[1.2246,44.6843],[1.1467,44.6703],[1.1538,44.6394],[1.0954,44.5902],[1.1032,44.5717],[0.9791,44.6436],[0.8779,44.6155],[0.87,44.5973],[0.8425,44.601],[0.817,44.627],[0.8434,44.6635],[0.827,44.6919],[0.7977,44.7018],[0.7798,44.6834],[0.685,44.6756],[0.6574,44.6779],[0.6559,44.6942],[0.6305,44.7065],[0.5772,44.694],[0.5704,44.6749],[0.5412,44.6652],[0.5218,44.6785],[0.4147,44.6463],[0.3546,44.6548],[0.3462,44.7225],[0.2742,44.7834],[0.2637,44.8263],[0.3151,44.8454],[0.2852,44.8646],[0.2441,44.8718],[0.1929,44.821],[0.1126,44.8191],[0.098,44.8329],[0.0758,44.8197],[0.0211,44.8498],[-0.0342,44.8521],[0.0344,44.9155],[0.0092,44.9628],[0.0401,44.9935],[0.0436,45.0327],[0.0733,45.0701],[0.0461,45.1132],[-0.0036,45.1196],[-0.0402,45.1024],[-0.037,45.139],[0.0047,45.1537],[-0.0184,45.1617],[0.0078,45.202],[0.0534,45.2269],[0.1455,45.2144],[0.22,45.2898],[0.2666,45.2977],[0.2503,45.3734],[0.2706,45.4204],[0.3118,45.4328],[0.3027,45.4591],[0.3308,45.4445],[0.3329,45.4594],[0.3817,45.4863],[0.4237,45.4832],[0.4657,45.5396],[0.5065,45.5539],[0.5156,45.6004],[0.4996,45.6173],[0.5292,45.644],[0.5355,45.6334],[0.5754,45.6409],[0.5678,45.651],[0.6297,45.7146]]]}},{"type":"Feature","properties":{"code":"27","nom":"Eure"},"geometry":{"type":"Polygon","coordinates":[[[0.2972,49.4299],[0.5025,49.4851],[0.5819,49.4336],[0.6341,49.4345],[0.6653,49.402],[0.7979,49.4176],[0.8925,49.3722],[0.9181,49.3855],[0.932,49.3447],[0.8523,49.3331],[0.8948,49.316],[0.9008,49.2971],[0.9365,49.3192],[0.9558,49.2715],[0.9708,49.2805],[0.9928,49.2532],[1.0133,49.2523],[1.0541,49.2681],[1.0644,49.2819],[1.0481,49.2979],[1.134,49.3098],[1.136,49.3251],[1.2007,49.3392],[1.199,49.3508],[1.2721,49.3463],[1.2855,49.3882],[1.3081,49.3954],[1.3096,49.4287],[1.3367,49.4277],[1.3452,49.4481],[1.4772,49.4513],[1.5374,49.4304],[1.5754,49.4401],[1.607,49.4109],[1.6593,49.399],[1.7401,49.4053],[1.7203,49.3948],[1.7594,49.3681],[1.7676,49.3159],[1.7965,49.2841],[1.7918,49.2564],[1.7105,49.2645],[1.6757,49.2119],[1.6558,49.1302],[1.6088,49.0779],[1.5116,49.0741],[1.4849,49.0515],[1.4473,49.0535],[1.4788,48.9989],[1.4609,48.9864],[1.4706,48.9753],[1.5155,48.9764],[1.4966,48.9693],[1.5015,48.9411],[1.448,48.9246],[1.4654,48.8776],[1.3622,48.8342],[1.377,48.7918],[1.3329,48.7626],[1.1615,48.7693],[1.1521,48.7856],[1.1214,48.7892],[1.1127,48.7519],[1.0687,48.7569],[1.0316,48.7306],[0.9212,48.7092],[0.8884,48.7189],[0.8504,48.6829],[0.7822,48.6665],[0.7641,48.6753],[0.7661,48.6968],[0.7306,48.7052],[0.775,48.7375],[0.7402,48.7766],[0.6103,48.8313],[0.6294,48.8536],[0.5896,48.8726],[0.5972,48.885],[0.4431,48.8813],[0.3862,48.9104],[0.4463,49.015],[0.3671,49.0524],[0.3869,49.0744],[0.418,49.0739],[0.3997,49.1005],[0.4268,49.1425],[0.3947,49.1501],[0.3947,49.2084],[0.326,49.2438],[0.3828,49.264],[0.3839,49.2855],[0.3446,49.2953],[0.309,49.2832],[0.323,49.297],[0.2982,49.3144],[0.3234,49.3406],[0.3017,49.3713],[0.2972,49.4299]]]}},{"type":"Feature","properties":{"code":"37","nom":"Indre-et-Loire"},"geometry":{"type":"Polygon","coordinates":[[[0.23,47.6084],[0.2593,47.6123],[0.379,47.5691],[0.4022,47.579],[0.3648,47.6202],[0.3811,47.6391],[0.4499,47.6193],[0.4761,47.648],[0.6148,47.6828],[0.6309,47.7093],[0.6541,47.6988],[0.6439,47.6851],[0.6748,47.699],[0.7121,47.6818],[0.7353,47.6954],[0.835,47.6772],[0.8606,47.688],[0.8459,47.6478],[0.8639,47.5996],[0.8989,47.6047],[0.919,47.6326],[0.9918,47.62],[0.997,47.584],[1.024,47.6088],[1.0763,47.5632],[1.0477,47.5374],[1.0945,47.4693],[1.1324,47.4465],[1.1127,47.4287],[1.0851,47.43],[1.1235,47.3919],[1.1064,47.3715],[1.1228,47.354],[1.0949,47.3285],[1.099,47.3117],[1.1621,47.2722],[1.1732,47.2853],[1.239,47.2889],[1.3467,47.1688],[1.3654,47.122],[1.3445,47.1016],[1.3188,47.1049],[1.3126,47.0738],[1.2321,47.0141],[1.1614,47.0396],[1.0851,47.0207],[1.0559,46.9959],[1.0635,46.9573],[1.0376,46.9413],[1.0067,46.8149],[0.9875,46.8046],[1.0117,46.7578],[0.9888,46.7615],[0.9564,46.7371],[0.9247,46.7571],[0.8675,46.7482],[0.8429,46.7643],[0.8163,46.7878],[0.8093,46.8279],[0.7868,46.8405],[0.7965,46.849],[0.7688,46.8507],[0.7043,46.9033],[0.6926,46.9743],[0.6362,46.9855],[0.6189,47.0075],[0.567,47.0023],[0.6016,46.9591],[0.5061,46.9592],[0.4387,46.9296],[0.3665,46.9496],[0.3248,46.9307],[0.3052,46.9528],[0.307,47.0487],[0.2677,47.0439],[0.2676,47.0675],[0.2425,47.0712],[0.208,47.0532],[0.18,47.0592],[0.1742,47.0713],[0.201,47.0913],[0.1815,47.1144],[0.1347,47.1079],[0.1361,47.1216],[0.1111,47.1294],[0.0846,47.1184],[0.0538,47.1637],[0.0666,47.1898],[0.0533,47.1972],[0.099,47.3081],[0.148,47.3484],[0.1417,47.362],[0.183,47.3803],[0.1539,47.3987],[0.1814,47.4178],[0.1809,47.4534],[0.2201,47.502],[0.2249,47.5271],[0.1933,47.5391],[0.2345,47.578],[0.23,47.6084]]]}},{"type":"Feature","properties":{"code":"48","nom":"Lozère"},"geometry":{"type":"Polygon","coordinates":[[[3.3613,44.9714],[3.4128,44.9448],[3.4386,44.8608],[3.491,44.8085],[3.5056,44.8238],[3.5894,44.8322],[3.5943,44.8754],[3.6423,44.8784],[3.6705,44.8509],[3.6574,44.8361],[3.6664,44.8288],[3.7406,44.8387],[3.8033,44.7704],[3.8416,44.7721],[3.8366,44.7478],[3.8755,44.7406],[3.8615,44.712],[3.8845,44.6973],[3.8733,44.6782],[3.8947,44.6511],[3.9052,44.5927],[3.9609,44.5548],[3.9982,44.4598],[3.9512,44.4021],[3.8859,44.388],[3.9491,44.3349],[3.9229,44.3052],[3.9455,44.2669],[3.9746,44.2603],[3.9513,44.2478],[3.943,44.2033],[3.9766,44.1701],[3.9294,44.1818],[3.9273,44.1613],[3.8776,44.1329],[3.797,44.1274],[3.6786,44.1828],[3.6496,44.1808],[3.6278,44.155],[3.6527,44.1456],[3.6335,44.1227],[3.5465,44.1138],[3.4397,44.1291],[3.3392,44.2028],[3.2066,44.1899],[3.2299,44.2263],[3.1638,44.2439],[3.1541,44.2732],[3.1242,44.2603],[3.1252,44.2845],[3.1543,44.3084],[3.1517,44.3324],[3.1339,44.333],[3.1211,44.3619],[3.1406,44.3926],[3.1267,44.414],[3.1417,44.4285],[3.1357,44.4549],[3.0685,44.5035],[3.0759,44.573],[2.9817,44.6447],[3.016,44.7137],[3.0391,44.715],[3.0311,44.7494],[3.0457,44.7991],[3.0769,44.8244],[3.0715,44.8341],[3.0995,44.8336],[3.1055,44.8868],[3.1411,44.9033],[3.1823,44.8637],[3.2253,44.882],[3.2278,44.9099],[3.2497,44.9162],[3.2452,44.9348],[3.2595,44.9424],[3.286,44.9264],[3.3545,44.9548],[3.3613,44.9714]]]}},{"type":"Feature","properties":{"code":"58","nom":"Nièvre"},"geometry":{"type":"Polygon","coordinates":[[[2.8746,47.5204],[2.8489,47.5375],[2.8575,47.5528],[2.9765,47.5694],[3.0256,47.5588],[3.102,47.588],[3.1207,47.5782],[3.1221,47.5411],[3.2046,47.523],[3.2355,47.4892],[3.307,47.4947],[3.3463,47.4724],[3.3973,47.5089],[3.4456,47.5112],[3.4879,47.4939],[3.4924,47.5601],[3.5135,47.5277],[3.5806,47.4979],[3.5871,47.4562],[3.6178,47.4648],[3.6746,47.4495],[3.6734,47.4357],[3.7263,47.3982],[3.7743,47.4059],[3.8185,47.3802],[3.8218,47.4028],[3.8517,47.4272],[3.8799,47.4298],[3.8923,47.4192],[3.8635,47.3958],[3.8714,47.3673],[3.9442,47.3802],[3.9482,47.3935],[3.9707,47.3783],[3.9731,47.3327],[3.9993,47.3128],[4.0288,47.3156],[4.0502,47.3402],[4.142,47.3534],[4.1141,47.308],[4.1247,47.2516],[4.1355,47.2374],[4.178,47.2503],[4.2307,47.1989],[4.199,47.1512],[4.1151,47.1462],[4.116,47.1233],[4.0482,47.11],[4.0538,47.095],[4.0397,47.0862],[4.0683,47.0609],[4.0607,47.025],[3.9952,46.9853],[3.9957,46.9747],[4.0316,46.9848],[4.0438,46.974],[4.0557,46.9567],[4.0365,46.9278],[4.0479,46.8998],[4.0754,46.8915],[4.1009,46.8591],[4.0424,46.8341],[4.0627,46.7894],[3.992,46.7768],[3.9234,46.7389],[3.7973,46.7015],[3.7826,46.7362],[3.7362,46.7525],[3.6621,46.7381],[3.5977,46.762],[3.5807,46.7527],[3.5972,46.7284],[3.5504,46.7159],[3.5465,46.6783],[3.53,46.6888],[3.4573,46.6518],[3.4341,46.7119],[3.3878,46.7148],[3.3467,46.6844],[3.2698,46.7167],[3.1973,46.6799],[3.1298,46.7272],[3.0611,46.7498],[3.0321,46.7949],[3.0671,46.8478],[3.0514,46.905],[3.0793,46.9551],[3.0629,46.9811],[3.0748,47.0298],[3.0232,47.0626],[3.0281,47.1291],[2.9817,47.222],[2.9834,47.2598],[2.8765,47.3219],[2.8735,47.3484],[2.9307,47.4313],[2.8746,47.5204]]]}},{"type":"Feature","properties":{"code":"60","nom":"Oise"},"geometry":{"type":"MultiPolygon","coordinates":[[[[2.9902,49.2107],[2.9867,49.2187],[2.9977,49.2236],[2.9902,49.2107]]],[[[1.7838,49.7583],[1.8367,49.7401],[1.8208,49.7222],[1.849,49.7016],[1.8939,49.699],[1.9332,49.7196],[1.9491,49.7008],[2.0268,49.7113],[2.0653,49.6831],[2.1565,49.7021],[2.3157,49.6898],[2.3731,49.6563],[2.4457,49.653],[2.4781,49.6208],[2.5047,49.6395],[2.565,49.6189],[2.5715,49.5971],[2.6241,49.6102],[2.6278,49.5854],[2.6496,49.5718],[2.6707,49.5814],[2.6891,49.6256],[2.7995,49.6206],[2.7936,49.656],[2.8418,49.6594],[2.8573,49.6837],[2.8878,49.6833],[2.8662,49.7025],[2.8842,49.7106],[2.9157,49.7027],[2.9534,49.6665],[2.9488,49.6923],[2.9896,49.708],[3.0262,49.6803],[3.0571,49.7079],[3.0835,49.7125],[3.0839,49.6926],[3.1184,49.706],[3.1274,49.6696],[3.0978,49.6567],[3.1128,49.6313],[3.0936,49.6225],[3.1398,49.5762],[3.127,49.573],[3.1266,49.5258],[3.0963,49.5179],[3.1224,49.4797],[3.1071,49.4682],[3.1626,49.4406],[3.1002,49.4389],[3.0954,49.3771],[3.0768,49.3713],[3.0747,49.349],[2.9733,49.3259],[2.9744,49.3023],[2.9946,49.2866],[3.0376,49.2864],[3.0269,49.2755],[3.0399,49.2262],[3.0217,49.2162],[3.0028,49.2357],[2.9648,49.2326],[2.9625,49.22],[2.9677,49.1916],[3.023,49.1699],[3.0378,49.1705],[3.0351,49.1836],[3.0021,49.1879],[3.0005,49.2136],[3.0869,49.1845],[3.1027,49.1973],[3.1214,49.1616],[3.1444,49.162],[3.0719,49.1176],[3.0484,49.0863],[3.0085,49.0915],[2.988,49.0724],[2.9705,49.089],[2.9015,49.0854],[2.8557,49.0703],[2.8091,49.0975],[2.7871,49.0753],[2.735,49.0605],[2.7205,49.0749],[2.691,49.0666],[2.6333,49.1084],[2.5905,49.0797],[2.5408,49.1222],[2.5311,49.0996],[2.4899,49.1064],[2.5021,49.1189],[2.4154,49.1518],[2.3709,49.1592],[2.3593,49.1473],[2.3109,49.1864],[2.2863,49.1603],[2.223,49.1519],[2.2354,49.167],[2.2186,49.1807],[2.1643,49.166],[2.1646,49.1797],[2.0969,49.1898],[2.0809,49.2098],[2.0045,49.1776],[1.8945,49.166],[1.7955,49.1853],[1.7421,49.1802],[1.7156,49.2031],[1.7341,49.2213],[1.7044,49.2322],[1.7014,49.2525],[1.7547,49.27],[1.7895,49.2479],[1.8027,49.2719],[1.7676,49.3159],[1.7594,49.3681],[1.7203,49.3948],[1.7401,49.4053],[1.7139,49.4092],[1.7902,49.5035],[1.7719,49.5128],[1.7437,49.4953],[1.7192,49.5082],[1.7451,49.5317],[1.7272,49.5416],[1.7216,49.5888],[1.6952,49.5997],[1.7216,49.622],[1.7046,49.6397],[1.7506,49.6938],[1.7045,49.6809],[1.6896,49.6948],[1.712,49.7077],[1.7122,49.732],[1.7838,49.7583]]]]}},{"type":"Feature","properties":{"code":"64","nom":"Pyrénées-Atlantiques"},"geometry":{"type":"Polygon","coordinates":[[[-0.2428,43.585],[-0.0968,43.5824],[-0.095,43.5481],[-0.0644,43.5451],[-0.0401,43.5126],[-0.0493,43.4925],[-0.0178,43.4721],[-0.0658,43.4635],[-0.062,43.4177],[-0.0428,43.4104],[-0.001,43.4444],[0.0096,43.4221],[-0.0053,43.3738],[0.0238,43.3491],[0.0103,43.3253],[-0.0249,43.3295],[-0.0461,43.3009],[-0.017,43.2704],[-0.0495,43.2172],[-0.0725,43.2244],[-0.0679,43.1771],[-0.0975,43.1666],[-0.1113,43.1793],[-0.1405,43.1362],[-0.191,43.1112],[-0.1896,43.052],[-0.2239,43.0337],[-0.2599,43.0383],[-0.2648,43.01],[-0.2877,43.0054],[-0.2794,42.9421],[-0.3271,42.9158],[-0.3075,42.8678],[-0.3234,42.8355],[-0.3475,42.8359],[-0.3926,42.7996],[-0.4397,42.7965],[-0.5097,42.8254],[-0.5512,42.7775],[-0.676,42.8821],[-0.7298,42.8966],[-0.7251,42.923],[-0.7516,42.9669],[-0.81,42.9514],[-0.9143,42.9636],[-0.9465,42.9541],[-1.0176,42.9944],[-1.0703,42.9977],[-1.1107,43.0205],[-1.1335,43.0104],[-1.2311,43.0545],[-1.2643,43.0446],[-1.3085,43.0687],[-1.2702,43.1186],[-1.332,43.1079],[-1.3548,43.0285],[-1.4352,43.045],[-1.4709,43.0917],[-1.4139,43.1292],[-1.416,43.1497],[-1.3838,43.1908],[-1.3828,43.2533],[-1.4051,43.2704],[-1.5319,43.2935],[-1.5647,43.2879],[-1.5751,43.2498],[-1.5994,43.2545],[-1.6224,43.2639],[-1.6354,43.309],[-1.7297,43.2957],[-1.7374,43.3297],[-1.7755,43.344],[-1.7909,43.3734],[-1.6868,43.3963],[-1.6698,43.388],[-1.5974,43.4375],[-1.5273,43.5232],[-1.4766,43.5392],[-1.4178,43.4978],[-1.3679,43.4949],[-1.299,43.5016],[-1.1708,43.5456],[-1.1316,43.5107],[-1.1652,43.5082],[-1.1701,43.4935],[-1.1388,43.4903],[-1.0808,43.5229],[-1.069,43.5085],[-0.9934,43.5054],[-0.9991,43.5342],[-0.9266,43.532],[-0.8967,43.5505],[-0.8428,43.5434],[-0.7683,43.5795],[-0.7154,43.5411],[-0.7075,43.5571],[-0.6432,43.5744],[-0.6583,43.5606],[-0.5963,43.5411],[-0.5671,43.5582],[-0.5572,43.5428],[-0.5333,43.5516],[-0.4483,43.5961],[-0.4318,43.5863],[-0.4634,43.5666],[-0.4377,43.5528],[-0.406,43.5682],[-0.336,43.5509],[-0.2428,43.585]],[[-0.1022,43.3585],[-0.0901,43.3589],[-0.0868,43.3369],[-0.1085,43.3378],[-0.1114,43.3158],[-0.075,43.3071],[-0.0625,43.3467],[-0.091,43.3732],[-0.1073,43.3707],[-0.1022,43.3585]],[[-0.1031,43.2428],[-0.0798,43.2624],[-0.092,43.3005],[-0.1119,43.3104],[-0.1406,43.2719],[-0.1222,43.2439],[-0.1031,43.2428]]]}},{"type":"Feature","properties":{"code":"69","nom":"Rhône"},"geometry":{"type":"Polygon","coordinates":[[[4.3881,46.2198],[4.4058,46.2961],[4.4584,46.297],[4.504,46.2671],[4.5698,46.2934],[4.5865,46.2687],[4.6186,46.2648],[4.6353,46.2993],[4.6931,46.3022],[4.7077,46.2696],[4.6796,46.2587],[4.7358,46.2342],[4.7206,46.2224],[4.7357,46.2119],[4.7244,46.1843],[4.7802,46.1767],[4.8024,46.1569],[4.7503,46.0941],[4.7617,46.0688],[4.7395,46.0472],[4.7517,45.9811],[4.7291,45.9491],[4.7362,45.9385],[4.8059,45.9216],[4.8103,45.8976],[4.848,45.913],[4.909,45.8741],[4.9182,45.8099],[5.1011,45.8134],[5.0893,45.7843],[5.0612,45.7915],[5.0701,45.7655],[5.0931,45.7661],[5.0945,45.7395],[5.1592,45.7146],[5.1431,45.7],[5.1049,45.7004],[5.1081,45.688],[5.0351,45.6372],[5.0436,45.6213],[4.9894,45.6185],[4.998,45.6034],[4.9015,45.6063],[4.8577,45.5796],[4.7771,45.5874],[4.8728,45.5313],[4.7823,45.4722],[4.7795,45.455],[4.7569,45.4557],[4.7223,45.4943],[4.7002,45.4782],[4.6506,45.4971],[4.6505,45.5283],[4.6874,45.5585],[4.6699,45.5703],[4.6447,45.5405],[4.6149,45.5755],[4.468,45.5867],[4.4405,45.6235],[4.3659,45.6712],[4.3655,45.6985],[4.4029,45.7443],[4.3503,45.7656],[4.3759,45.7821],[4.3737,45.8051],[4.3885,45.806],[4.3762,45.8246],[4.3938,45.8652],[4.3422,45.8772],[4.3239,45.9005],[4.3437,45.9311],[4.2435,45.9972],[4.3125,46.0056],[4.2543,46.0527],[4.2971,46.0634],[4.3095,46.1103],[4.3349,46.1356],[4.3803,46.15],[4.4108,46.1366],[4.4386,46.1679],[4.396,46.1891],[4.4226,46.2026],[4.3881,46.2198]]]}},{"type":"Feature","properties":{"code":"71","nom":"Saône-et-Loire"},"geometry":{"type":"Polygon","coordinates":[[[4.116,47.1233],[4.1268,47.1306],[4.1475,47.1139],[4.1796,47.1255],[4.1819,47.1505],[4.2098,47.1554],[4.2734,47.1082],[4.3494,47.0969],[4.3534,47.064],[4.383,47.0831],[4.4158,47.0779],[4.4063,47.05],[4.5122,47.0118],[4.5548,47.0201],[4.5474,46.9976],[4.5939,46.9537],[4.6792,46.9291],[4.6645,46.9142],[4.6855,46.9009],[4.8939,46.9512],[4.8961,46.9662],[4.9838,46.9593],[5.0493,46.9816],[5.1063,46.9558],[5.222,46.9889],[5.2552,46.9799],[5.2633,46.9359],[5.3085,46.9374],[5.3287,46.8943],[5.3634,46.8833],[5.3908,46.8944],[5.4147,46.8624],[5.4593,46.8552],[5.4623,46.8387],[5.4351,46.8268],[5.3286,46.813],[5.3329,46.7961],[5.3902,46.7706],[5.3613,46.7316],[5.3911,46.7287],[5.4063,46.704],[5.3954,46.6851],[5.4221,46.673],[5.4155,46.655],[5.4411,46.6375],[5.3986,46.6125],[5.4134,46.6004],[5.3976,46.5798],[5.3621,46.5773],[5.3592,46.5226],[5.4195,46.5023],[5.4157,46.4731],[5.2759,46.4481],[5.2151,46.4684],[5.2011,46.5082],[5.1668,46.5147],[5.0524,46.4849],[5.011,46.5103],[4.9491,46.5014],[4.94,46.5172],[4.8515,46.3563],[4.8534,46.3299],[4.7802,46.1767],[4.7305,46.1784],[4.7227,46.2023],[4.7357,46.2119],[4.7206,46.2224],[4.7327,46.227],[4.6796,46.2587],[4.7077,46.2696],[4.6794,46.304],[4.6353,46.2993],[4.622,46.2701],[4.5865,46.2687],[4.5698,46.2934],[4.504,46.2671],[4.4584,46.297],[4.4058,46.2961],[4.3707,46.1916],[4.2825,46.1569],[4.252,46.1579],[4.2525,46.1879],[4.2335,46.18],[4.2079,46.1948],[4.1855,46.1902],[4.1884,46.1751],[4.1324,46.1778],[4.1041,46.1984],[3.9888,46.1698],[3.9728,46.1939],[3.8901,46.2145],[3.9088,46.2603],[3.8912,46.2852],[3.9428,46.2989],[3.9481,46.3198],[3.9974,46.3233],[3.9847,46.3297],[3.9772,46.3992],[3.9881,46.4355],[4.0056,46.4435],[3.998,46.4655],[3.9566,46.4769],[3.9579,46.4898],[3.8649,46.4897],[3.8646,46.5097],[3.834,46.5311],[3.8018,46.5199],[3.7418,46.5395],[3.723,46.6221],[3.6226,46.7401],[3.7362,46.7525],[3.7826,46.7362],[3.7973,46.7015],[3.8261,46.7039],[3.992,46.7768],[4.0553,46.7787],[4.0563,46.8223],[4.0424,46.8341],[4.0927,46.8581],[4.0938,46.8747],[4.0372,46.9182],[4.0408,46.9506],[4.0557,46.9567],[4.0394,46.9851],[4.0144,46.9725],[3.9952,46.9853],[4.0607,47.025],[4.072,47.0545],[4.0387,47.08],[4.0482,47.11],[4.116,47.1233]]]}},{"type":"Feature","properties":{"code":"75","nom":"Paris"},"geometry":{"type":"Polygon","coordinates":[[[2.3199,48.9005],[2.3949,48.8984],[2.4133,48.8729],[2.4122,48.8345],[2.4634,48.8421],[2.4627,48.8191],[2.3319,48.817],[2.2242,48.8535],[2.2317,48.8691],[2.3199,48.9005]]]}},{"type":"Feature","properties":{"code":"78","nom":"Yvelines"},"geometry":{"type":"Polygon","coordinates":[[[2.2006,48.9087],[2.1678,48.8944],[2.1459,48.836],[2.1516,48.817],[2.2266,48.7761],[2.098,48.7344],[2.1112,48.7242],[2.0858,48.6925],[2.0457,48.6876],[2.0112,48.6598],[2.0602,48.6176],[2.0345,48.6035],[2.0176,48.5576],[1.9379,48.5629],[1.9341,48.5481],[1.9674,48.5331],[1.9149,48.4739],[1.9221,48.4576],[1.8775,48.4406],[1.8364,48.4665],[1.8015,48.4661],[1.7786,48.5081],[1.7872,48.5537],[1.7092,48.578],[1.7179,48.6069],[1.6662,48.6137],[1.6025,48.6638],[1.6118,48.6895],[1.5823,48.6964],[1.6264,48.7481],[1.5849,48.7633],[1.5757,48.7905],[1.5942,48.8342],[1.5462,48.8724],[1.5595,48.8821],[1.5386,48.9218],[1.5129,48.9226],[1.4966,48.9693],[1.5155,48.9764],[1.4609,48.9864],[1.4788,48.9989],[1.4474,49.0452],[1.4608,49.0627],[1.4849,49.0515],[1.5116,49.0741],[1.6045,49.083],[1.6142,49.0714],[1.6737,49.0782],[1.7171,49.049],[1.8239,49.0764],[1.8655,49.0575],[1.852,49.0352],[1.8691,49.0182],[1.9085,49.048],[1.9378,49.0218],[1.9919,49.021],[2.0248,48.9988],[2.1213,49.0183],[2.1207,48.9933],[2.1733,48.9756],[2.1736,48.9532],[2.2059,48.9497],[2.2006,48.9087]]]}},{"type":"Feature","properties":{"code":"81","nom":"Tarn"},"geometry":{"type":"Polygon","coordinates":[[[1.9902,44.1494],[2.0594,44.1723],[2.0521,44.1887],[2.0944,44.1876],[2.0974,44.1753],[2.1061,44.1944],[2.1525,44.1977],[2.1566,44.1799],[2.1918,44.162],[2.2069,44.1713],[2.2376,44.1586],[2.1898,44.1468],[2.2397,44.1345],[2.2847,44.1453],[2.2978,44.138],[2.2906,44.1247],[2.3892,44.0935],[2.4102,44.0559],[2.4599,44.0514],[2.4942,43.9962],[2.5229,43.9813],[2.4993,43.9506],[2.555,43.9214],[2.5505,43.8965],[2.5767,43.8817],[2.5642,43.8413],[2.6813,43.744],[2.7376,43.7291],[2.824,43.762],[2.9211,43.7361],[2.9355,43.6947],[2.9074,43.6542],[2.7545,43.6141],[2.7112,43.6456],[2.6433,43.6501],[2.6146,43.5999],[2.6276,43.5909],[2.6156,43.5666],[2.6586,43.5258],[2.668,43.47],[2.5901,43.4296],[2.4331,43.4352],[2.3913,43.4189],[2.303,43.4479],[2.282,43.4412],[2.2591,43.4599],[2.2242,43.4318],[2.215,43.3835],[2.1715,43.4158],[2.0728,43.3957],[2.0531,43.4302],[2.0148,43.4511],[2.0181,43.4703],[2.0479,43.4855],[2.0464,43.5051],[2.0151,43.5044],[2.0151,43.4883],[1.996,43.4805],[1.8989,43.5103],[1.8392,43.5758],[1.6878,43.6307],[1.7309,43.6578],[1.7206,43.6882],[1.6647,43.6938],[1.7064,43.7162],[1.6499,43.7519],[1.6448,43.8003],[1.591,43.8155],[1.5932,43.8431],[1.5555,43.8683],[1.5466,43.9025],[1.5736,43.9367],[1.544,43.9463],[1.5523,43.963],[1.6227,43.9607],[1.6372,43.9947],[1.6541,43.993],[1.6503,44.0097],[1.6714,44.0106],[1.7042,44.0444],[1.6629,44.0716],[1.659,44.1164],[1.7455,44.1163],[1.7775,44.0968],[1.8013,44.1189],[1.8368,44.1075],[1.8417,44.1437],[1.9044,44.1299],[1.9193,44.1414],[1.8944,44.1556],[1.9089,44.1635],[1.9695,44.1427],[1.9902,44.1494]]]}},{"type":"Feature","properties":{"code":"82","nom":"Tarn-et-Garonne"},"geometry":{"type":"Polygon","coordinates":[[[1.0641,44.3785],[1.1325,44.3933],[1.1348,44.379],[1.0812,44.3544],[1.1252,44.3154],[1.1812,44.3074],[1.1775,44.2922],[1.2171,44.2769],[1.25,44.2729],[1.2984,44.295],[1.3041,44.263],[1.2814,44.2358],[1.3364,44.2282],[1.3568,44.204],[1.4536,44.2541],[1.4732,44.2842],[1.5088,44.2736],[1.5418,44.2278],[1.5872,44.249],[1.5632,44.2749],[1.5778,44.2845],[1.5691,44.2984],[1.6169,44.2975],[1.6157,44.2784],[1.6332,44.2694],[1.6516,44.2868],[1.632,44.2939],[1.6629,44.2928],[1.7374,44.327],[1.7819,44.3145],[1.806,44.3366],[1.827,44.3243],[1.8821,44.3401],[1.8646,44.3275],[1.8688,44.292],[1.9704,44.2764],[1.9598,44.2411],[1.946,44.2467],[1.9049,44.2102],[1.8907,44.2135],[1.9415,44.1707],[1.9589,44.1845],[1.9964,44.1601],[1.9695,44.1427],[1.9089,44.1635],[1.8944,44.1556],[1.9193,44.1414],[1.9044,44.1299],[1.8417,44.1437],[1.8313,44.1353],[1.8405,44.1143],[1.8255,44.108],[1.8061,44.1264],[1.7775,44.0968],[1.659,44.1164],[1.6629,44.0716],[1.7042,44.0444],[1.6372,43.9947],[1.6227,43.9607],[1.5523,43.963],[1.544,43.9463],[1.5736,43.9367],[1.5709,43.9186],[1.5322,43.9168],[1.4908,43.889],[1.4747,43.9021],[1.4479,43.8736],[1.3656,43.8893],[1.3484,43.8698],[1.3626,43.8572],[1.2968,43.8471],[1.348,43.8382],[1.3609,43.8211],[1.2669,43.7986],[1.2749,43.7858],[1.2192,43.7708],[1.2085,43.7797],[1.219,43.7861],[1.1446,43.8223],[1.1149,43.7978],[1.0853,43.8145],[1.0581,43.7987],[0.9062,43.7843],[0.9041,43.8079],[0.9259,43.8316],[0.8954,43.8403],[0.9127,43.8485],[0.8835,43.8753],[0.9046,43.899],[0.8629,43.9233],[0.7699,43.9223],[0.7601,43.9422],[0.8277,43.9996],[0.8136,44.0249],[0.8604,44.0408],[0.8274,44.0553],[0.7655,44.0302],[0.7381,44.073],[0.7529,44.1023],[0.7962,44.1151],[0.7886,44.1444],[0.8794,44.1296],[0.883,44.1755],[0.8536,44.175],[0.8563,44.189],[0.9063,44.1903],[0.9278,44.2674],[0.9499,44.2764],[0.9164,44.3022],[0.8696,44.3094],[0.8961,44.3462],[0.8982,44.3814],[0.9199,44.3841],[0.9414,44.3453],[0.95,44.3598],[1.0498,44.3626],[1.0641,44.3785]]]}},{"type":"Feature","properties":{"code":"83","nom":"Var"},"geometry":{"type":"MultiPolygon","coordinates":[[[[6.4341,43.0133],[6.5042,43.0533],[6.471,43.0192],[6.4341,43.0133]]],[[[6.3971,42.9928],[6.3714,42.9971],[6.4207,43.0137],[6.3971,42.9928]]],[[[6.2441,43.02],[6.2505,42.9994],[6.2087,42.9834],[6.1645,42.9978],[6.2441,43.02]]],[[[5.7536,43.7246],[5.7813,43.7557],[5.8374,43.7415],[5.8491,43.7202],[5.9012,43.7326],[5.9255,43.7569],[5.9405,43.7273],[5.9854,43.714],[6.0217,43.6683],[6.0361,43.6942],[6.0773,43.7079],[6.1029,43.7363],[6.1543,43.7436],[6.2167,43.7995],[6.2456,43.8024],[6.3263,43.7469],[6.3835,43.7344],[6.4135,43.7604],[6.4144,43.7916],[6.4821,43.7911],[6.5174,43.8068],[6.5457,43.7822],[6.62,43.8055],[6.6587,43.7486],[6.6827,43.7579],[6.7535,43.7382],[6.7742,43.7036],[6.7608,43.6665],[6.7987,43.6282],[6.908,43.5991],[6.8795,43.5354],[6.8964,43.5272],[6.8842,43.5025],[6.9337,43.4801],[6.918,43.4477],[6.8652,43.4339],[6.8595,43.4182],[6.7897,43.4083],[6.7507,43.4208],[6.7143,43.3679],[6.7165,43.3475],[6.6816,43.341],[6.666,43.3182],[6.59,43.2824],[6.586,43.2645],[6.6621,43.2649],[6.6704,43.2764],[6.6973,43.2655],[6.6636,43.238],[6.677,43.1972],[6.6237,43.1653],[6.5596,43.1886],[6.4935,43.1502],[6.3876,43.1449],[6.3598,43.1199],[6.3683,43.0899],[6.3325,43.0911],[6.2749,43.1207],[6.2081,43.1164],[6.1598,43.0885],[6.1532,43.0352],[6.1369,43.0306],[6.0918,43.0368],[6.1282,43.0427],[6.114,43.0837],[6.0314,43.0775],[6.005,43.1038],[5.9258,43.104],[5.9343,43.1186],[5.889,43.1101],[5.901,43.104],[5.8948,43.0817],[5.951,43.0768],[5.9439,43.0664],[5.8871,43.0772],[5.8575,43.0466],[5.8276,43.0503],[5.7941,43.0688],[5.8127,43.1094],[5.7745,43.1169],[5.7713,43.1389],[5.6949,43.1436],[5.6827,43.1601],[5.6948,43.168],[5.6719,43.1793],[5.6839,43.2361],[5.7609,43.2673],[5.7629,43.2817],[5.7266,43.3174],[5.691,43.313],[5.705,43.3559],[5.6879,43.3918],[5.6965,43.4071],[5.7865,43.4145],[5.6988,43.4822],[5.7246,43.5509],[5.656,43.574],[5.6916,43.5844],[5.6821,43.6137],[5.7002,43.6417],[5.7991,43.6605],[5.8132,43.689],[5.7536,43.7246]]]]}},{"type":"Feature","properties":{"code":"85","nom":"Vendée"},"geometry":{"type":"MultiPolygon","coordinates":[[[[-2.3048,46.7094],[-2.2861,46.6957],[-2.3339,46.6863],[-2.3987,46.7175],[-2.3715,46.7324],[-2.3048,46.7094]]],[[[-1.1486,47.0295],[-1.0554,47.0057],[-1.0159,47.0041],[-1.0004,47.0208],[-0.9584,46.9949],[-0.9193,47.0031],[-0.8771,46.9685],[-0.873,46.9443],[-0.8074,46.9198],[-0.8322,46.8845],[-0.7816,46.8428],[-0.7088,46.8211],[-0.7009,46.8086],[-0.7273,46.7676],[-0.6562,46.7008],[-0.6807,46.6868],[-0.6377,46.6635],[-0.6572,46.6346],[-0.6141,46.6204],[-0.6246,46.5774],[-0.6021,46.5333],[-0.6452,46.5086],[-0.6248,46.4964],[-0.6124,46.4587],[-0.6406,46.4162],[-0.6209,46.3905],[-0.6102,46.4137],[-0.5378,46.3865],[-0.5576,46.3635],[-0.6033,46.3615],[-0.64,46.3221],[-0.6973,46.3251],[-0.7219,46.3024],[-0.8025,46.3252],[-0.8073,46.3393],[-0.8399,46.3404],[-0.8509,46.3172],[-0.9612,46.3234],[-0.9286,46.3711],[-0.9774,46.3511],[-1.0138,46.3556],[-1.0997,46.3145],[-1.2011,46.3163],[-1.2074,46.2666],[-1.2959,46.3239],[-1.306,46.3192],[-1.295,46.3045],[-1.3089,46.3034],[-1.3667,46.3486],[-1.4659,46.3424],[-1.5151,46.4043],[-1.6271,46.4142],[-1.7771,46.4928],[-1.8034,46.489],[-1.856,46.6086],[-1.9429,46.6927],[-1.9661,46.692],[-2.0003,46.7339],[-2.1402,46.8172],[-2.1553,46.8832],[-2.1189,46.8937],[-2.0627,46.9481],[-2.0274,47.0099],[-1.9804,47.0289],[-1.9432,46.9947],[-1.9177,46.9924],[-1.8945,46.9599],[-1.8318,46.9538],[-1.831,46.932],[-1.7511,46.9296],[-1.7311,46.888],[-1.5485,46.8601],[-1.5465,46.8738],[-1.5008,46.8839],[-1.5444,46.923],[-1.5201,46.939],[-1.5536,46.9815],[-1.5427,47.0033],[-1.5523,47.0183],[-1.4821,47.0379],[-1.4602,46.993],[-1.4759,46.9838],[-1.4612,46.9623],[-1.4716,46.9336],[-1.4561,46.9263],[-1.373,46.9522],[-1.3584,46.9739],[-1.3775,46.9909],[-1.3652,47.0068],[-1.3786,47.0309],[-1.3355,47.0433],[-1.3006,47.0342],[-1.2712,47.0839],[-1.2028,47.0418],[-1.1486,47.0295]]],[[[-2.1981,46.9512],[-2.2232,46.9653],[-2.2644,46.9609],[-2.3011,46.989],[-2.2925,47.0126],[-2.3042,47.0251],[-2.2256,47.0169],[-2.2307,46.9732],[-2.1572,46.95],[-2.1539,46.8958],[-2.1981,46.9512]]]]}},{"type":"Feature","properties":{"code":"87","nom":"Haute-Vienne"},"geometry":{"type":"Polygon","coordinates":[[[0.8234,46.1286],[0.8448,46.1342],[0.83,46.185],[0.7963,46.211],[0.848,46.2288],[0.8614,46.2616],[0.8999,46.2826],[0.9365,46.2928],[1.0059,46.281],[1.027,46.343],[1.0969,46.3621],[1.1272,46.3478],[1.1575,46.3887],[1.1915,46.3768],[1.2048,46.3877],[1.2164,46.3678],[1.3031,46.371],[1.356,46.4001],[1.4458,46.3314],[1.4438,46.3059],[1.4142,46.2805],[1.4328,46.2761],[1.4057,46.2541],[1.4198,46.245],[1.3749,46.2154],[1.4197,46.1781],[1.4528,46.1798],[1.4653,46.1619],[1.4521,46.1533],[1.5052,46.1275],[1.4905,46.1118],[1.5049,46.0881],[1.5434,46.0769],[1.5318,46.0582],[1.5492,46.0354],[1.5323,46.0113],[1.5737,45.9857],[1.5603,45.9635],[1.5094,45.9402],[1.5666,45.914],[1.5792,45.9304],[1.6345,45.923],[1.6247,45.9161],[1.6417,45.8926],[1.591,45.8831],[1.6024,45.8575],[1.6766,45.8351],[1.733,45.8443],[1.7708,45.8684],[1.7765,45.8328],[1.8809,45.7977],[1.8941,45.7593],[1.8779,45.7589],[1.8751,45.7328],[1.9056,45.678],[1.8264,45.6651],[1.7921,45.6817],[1.748,45.6457],[1.682,45.6254],[1.6582,45.5953],[1.593,45.5751],[1.5849,45.5561],[1.5572,45.5494],[1.5221,45.5641],[1.4927,45.5493],[1.4804,45.5659],[1.4551,45.5533],[1.4391,45.5213],[1.4121,45.5281],[1.3501,45.4669],[1.2871,45.4899],[1.2414,45.4374],[1.2359,45.455],[1.1222,45.4772],[1.1359,45.5064],[1.1673,45.5248],[1.119,45.5455],[1.0804,45.534],[1.0378,45.5687],[1.0233,45.6089],[0.8922,45.6013],[0.8711,45.6225],[0.8446,45.5841],[0.8174,45.576],[0.8072,45.5938],[0.7804,45.5912],[0.7565,45.611],[0.7758,45.6676],[0.7265,45.6944],[0.6542,45.6887],[0.6297,45.7146],[0.7149,45.7631],[0.7095,45.7986],[0.7839,45.7917],[0.7765,45.8024],[0.8274,45.8827],[0.8087,45.9233],[0.8889,45.9257],[0.9426,45.9574],[0.9456,45.9743],[0.9189,45.9971],[0.9256,46.0105],[0.8842,46.0319],[0.867,46.0184],[0.8179,46.0479],[0.8337,46.1064],[0.812,46.1253],[0.8234,46.1286]]]}},{"type":"Feature","properties":{"code":"88","nom":"Vosges"},"geometry":{"type":"Polygon","coordinates":[[[5.4701,48.4209],[5.5139,48.4108],[5.5147,48.4294],[5.5766,48.432],[5.6516,48.4575],[5.643,48.4685],[5.7132,48.4603],[5.7652,48.4965],[5.787,48.4829],[5.8561,48.5068],[5.9056,48.4949],[5.8869,48.4601],[5.899,48.4467],[5.8554,48.4094],[5.8932,48.4052],[5.9313,48.4339],[5.908,48.4175],[5.9277,48.3937],[5.9496,48.3964],[5.9553,48.3567],[6.066,48.3593],[6.0798,48.3636],[6.077,48.3798],[6.1167,48.354],[6.1523,48.381],[6.1471,48.4042],[6.2321,48.4002],[6.3013,48.4305],[6.3057,48.4132],[6.3805,48.4123],[6.3929,48.4087],[6.3843,48.3947],[6.4041,48.3906],[6.4355,48.4128],[6.5008,48.4142],[6.5337,48.4314],[6.5839,48.4172],[6.5686,48.437],[6.585,48.4605],[6.6237,48.4731],[6.6483,48.4339],[6.6995,48.4131],[6.8152,48.3988],[6.855,48.4329],[6.8908,48.4181],[6.983,48.4791],[7.1232,48.5136],[7.1221,48.5007],[7.0937,48.5052],[7.0937,48.4893],[7.1169,48.4849],[7.0855,48.3987],[7.108,48.377],[7.0785,48.3511],[7.1219,48.3333],[7.1845,48.336],[7.1772,48.3253],[7.1983,48.3105],[7.1724,48.2975],[7.0778,48.171],[7.0589,48.1373],[7.0842,48.1292],[7.0767,48.1085],[7.0019,48.0224],[6.9434,47.998],[6.9194,47.9443],[6.9185,47.8984],[6.9002,47.8912],[6.92,47.8503],[6.8235,47.8131],[6.7848,47.8496],[6.6455,47.904],[6.6018,47.9444],[6.5683,47.9345],[6.5422,47.9026],[6.4786,47.8855],[6.4363,47.9365],[6.3662,47.9619],[6.2052,47.932],[6.1974,47.9518],[6.168,47.9524],[6.1509,47.9706],[6.1649,47.9761],[6.1561,48.0069],[6.1317,48.0237],[6.0412,48.0044],[6.0023,47.9561],[5.9708,47.9572],[5.9537,47.937],[5.9297,47.9387],[5.9595,47.9658],[5.9475,47.9797],[5.9217,47.9708],[5.918,47.9474],[5.8847,47.926],[5.8428,47.9756],[5.8316,47.9578],[5.7873,47.9526],[5.7785,47.978],[5.7938,47.9917],[5.7777,48.0314],[5.727,48.046],[5.6968,48.0772],[5.6532,48.0841],[5.6613,48.072],[5.6485,48.0715],[5.6305,48.084],[5.6675,48.1066],[5.6569,48.1204],[5.6843,48.145],[5.6822,48.1757],[5.731,48.1897],[5.7108,48.2199],[5.6409,48.2424],[5.6538,48.2685],[5.6117,48.2918],[5.5883,48.2743],[5.5259,48.3471],[5.4822,48.3562],[5.4258,48.3314],[5.4182,48.3398],[5.4186,48.3607],[5.4416,48.3802],[5.3945,48.391],[5.4701,48.4209]]]}},{"type":"Feature","properties":{"code":"92","nom":"Hauts-de-Seine"},"geometry":{"type":"Polygon","coordinates":[[[2.291,48.951],[2.3364,48.9323],[2.3199,48.9005],[2.2317,48.8691],[2.2242,48.8535],[2.3319,48.817],[2.3133,48.7303],[2.2803,48.733],[2.2854,48.7475],[2.1837,48.7972],[2.1459,48.836],[2.1678,48.8944],[2.291,48.951]]]}},{"type":"Feature","properties":{"code":"03","nom":"Allier"},"geometry":{"type":"Polygon","coordinates":[[[3.0321,46.7949],[3.0491,46.7581],[3.1298,46.7272],[3.1973,46.6799],[3.2698,46.7167],[3.3467,46.6844],[3.3787,46.7113],[3.4341,46.7119],[3.4573,46.6518],[3.4865,46.6538],[3.53,46.6888],[3.5465,46.6783],[3.5482,46.7062],[3.598,46.724],[3.5807,46.7527],[3.6201,46.7541],[3.6379,46.7072],[3.7227,46.6276],[3.7139,46.614],[3.7324,46.6049],[3.7418,46.5395],[3.8018,46.5199],[3.834,46.5311],[3.8905,46.4812],[3.9496,46.4925],[3.998,46.4655],[4.0056,46.4435],[3.9881,46.4355],[3.9772,46.3992],[3.9916,46.3696],[3.9847,46.3297],[3.9974,46.3233],[3.9481,46.3198],[3.9477,46.3034],[3.8974,46.2915],[3.8995,46.2759],[3.7685,46.2395],[3.8068,46.1654],[3.7898,46.1549],[3.7935,46.1122],[3.8219,46.088],[3.8068,46.0456],[3.8254,45.996],[3.778,45.9718],[3.756,45.9828],[3.7413,45.966],[3.7089,45.9738],[3.694,45.9307],[3.6697,45.9612],[3.632,45.9611],[3.5885,46.0241],[3.4641,46.0082],[3.4715,46.0418],[3.419,46.0743],[3.332,46.0441],[3.3024,46.0658],[3.1281,46.0714],[3.1008,46.0823],[3.0874,46.1131],[3.0165,46.1024],[2.9637,46.1296],[2.9533,46.1709],[2.9111,46.1774],[2.9096,46.2035],[2.9365,46.2217],[2.9371,46.2429],[2.9214,46.2503],[2.8557,46.2555],[2.8192,46.2418],[2.8103,46.1962],[2.7423,46.2207],[2.7209,46.2113],[2.7225,46.1813],[2.6775,46.1728],[2.6528,46.1238],[2.5915,46.1269],[2.5654,46.143],[2.5598,46.1734],[2.5286,46.1849],[2.5163,46.2394],[2.4891,46.249],[2.4789,46.2811],[2.443,46.295],[2.4213,46.2846],[2.4205,46.3101],[2.3919,46.33],[2.3705,46.3126],[2.3094,46.342],[2.3027,46.3544],[2.3371,46.3668],[2.285,46.3859],[2.2858,46.4535],[2.3055,46.4754],[2.3167,46.4685],[2.3242,46.4904],[2.3683,46.5184],[2.4969,46.5337],[2.4991,46.5213],[2.5201,46.5309],[2.5367,46.5197],[2.615,46.5533],[2.6023,46.5952],[2.5816,46.5932],[2.5691,46.6095],[2.5966,46.6372],[2.5674,46.6523],[2.605,46.6682],[2.6246,46.6573],[2.6234,46.6887],[2.6778,46.7046],[2.7287,46.7483],[2.7745,46.7189],[2.8011,46.7337],[2.8448,46.7268],[2.8454,46.7429],[2.9244,46.7945],[3.0321,46.7949]]]}},{"type":"Feature","properties":{"code":"06","nom":"Alpes-Maritimes"},"geometry":{"type":"MultiPolygon","coordinates":[[[[7.0671,43.5136],[7.0322,43.5234],[7.0709,43.5174],[7.0671,43.5136]]],[[[6.8874,44.3611],[6.9224,44.3483],[6.9565,44.2986],[6.9934,44.2809],[7.0081,44.2364],[7.1889,44.1978],[7.2628,44.148],[7.3442,44.1452],[7.3679,44.1164],[7.427,44.1129],[7.4299,44.1278],[7.6146,44.1497],[7.6453,44.178],[7.6846,44.174],[7.6666,44.1308],[7.712,44.0883],[7.7141,44.0654],[7.7,44.0408],[7.665,44.0307],[7.6702,43.9985],[7.6486,43.9741],[7.5671,43.9437],[7.5628,43.9019],[7.5012,43.8748],[7.4986,43.8462],[7.5285,43.7905],[7.4759,43.7508],[7.4597,43.76],[7.4065,43.7196],[7.3585,43.7219],[7.3296,43.7019],[7.3353,43.6782],[7.3147,43.7065],[7.2972,43.6861],[7.2419,43.6885],[7.2065,43.6456],[7.1677,43.6574],[7.1265,43.6053],[7.1442,43.5529],[7.1192,43.5445],[7.1013,43.5707],[7.0404,43.5416],[6.9718,43.5455],[6.9384,43.5164],[6.949,43.4935],[6.9207,43.4821],[6.8842,43.5025],[6.908,43.5941],[6.8933,43.6117],[6.8634,43.6051],[6.7987,43.6282],[6.7608,43.6665],[6.7742,43.7036],[6.7565,43.7296],[6.6827,43.7579],[6.6587,43.7486],[6.6378,43.781],[6.6415,43.7955],[6.7079,43.8095],[6.6679,43.8309],[6.6987,43.8552],[6.6973,43.8737],[6.6728,43.8832],[6.7456,43.8721],[6.8307,43.9184],[6.8846,43.8891],[6.9418,43.897],[6.9131,43.928],[6.8519,43.9548],[6.836,43.9906],[6.7457,44.0432],[6.7553,44.0786],[6.6865,44.1693],[6.7183,44.2107],[6.724,44.2498],[6.7583,44.2744],[6.7903,44.2723],[6.7961,44.3161],[6.8874,44.3611]]]]}},{"type":"Feature","properties":{"code":"11","nom":"Aude"},"geometry":{"type":"Polygon","coordinates":[[[1.6884,43.2736],[1.7477,43.3437],[1.8134,43.3414],[1.8041,43.3917],[1.8227,43.3933],[1.8171,43.4099],[1.853,43.4373],[1.895,43.4186],[1.8961,43.3964],[1.9295,43.4228],[1.9883,43.4076],[2.0312,43.4194],[2.0291,43.4369],[2.0531,43.4302],[2.0728,43.3957],[2.1715,43.4158],[2.215,43.3835],[2.2242,43.4318],[2.2591,43.4599],[2.282,43.4412],[2.303,43.4479],[2.3913,43.4189],[2.4969,43.4369],[2.5935,43.4126],[2.5552,43.3883],[2.54,43.3462],[2.589,43.3287],[2.6164,43.2894],[2.6591,43.293],[2.6936,43.3205],[2.7074,43.2735],[2.7525,43.2546],[2.7722,43.2578],[2.8182,43.3094],[2.8062,43.316],[2.8683,43.3296],[2.8567,43.3703],[2.8678,43.3822],[2.8898,43.3639],[2.8848,43.3344],[2.9073,43.3216],[3.0044,43.3201],[3.0159,43.2764],[3.0549,43.2797],[3.1602,43.2432],[3.201,43.2492],[3.2406,43.2128],[3.1408,43.1288],[3.0656,43.0217],[3.0393,42.9417],[3.0606,42.9171],[3.0435,42.8381],[2.8653,42.9183],[2.7891,42.896],[2.7247,42.834],[2.509,42.8498],[2.3376,42.8406],[2.3191,42.824],[2.3439,42.8012],[2.3575,42.7341],[2.322,42.7078],[2.2645,42.7062],[2.2465,42.6812],[2.1762,42.6489],[2.1679,42.6962],[2.0863,42.7518],[1.9554,42.7367],[1.9082,42.7677],[1.9288,42.7749],[1.8961,42.8087],[1.8594,42.8208],[1.875,42.8461],[1.9869,42.871],[1.9806,42.9296],[1.9338,42.9393],[1.9622,42.9611],[1.9991,42.955],[1.9853,42.967],[1.9851,43.0046],[1.9696,43.0079],[1.9851,43.0263],[1.9721,43.0466],[1.9411,43.0527],[1.9639,43.0692],[1.9497,43.08],[1.9495,43.1195],[1.9177,43.1332],[1.8809,43.1268],[1.8521,43.1605],[1.8482,43.1459],[1.8248,43.1458],[1.7101,43.1897],[1.7238,43.2245],[1.6884,43.2736]]]}},{"type":"Feature","properties":{"code":"2A","nom":"Corse-du-Sud"},"geometry":{"type":"MultiPolygon","coordinates":[[[[9.271,41.365],[9.2559,41.3688],[9.2602,41.3737],[9.271,41.365]]],[[[8.5734,42.3814],[8.6408,42.3734],[8.7709,42.3248],[8.8196,42.3176],[8.8572,42.331],[8.8603,42.3059],[8.9048,42.2539],[9.0457,42.2069],[9.0482,42.1745],[9.0818,42.1259],[9.1197,42.1078],[9.1353,42.0511],[9.1608,42.026],[9.2211,42.0276],[9.2133,41.9175],[9.2522,41.899],[9.2275,41.8556],[9.2369,41.8465],[9.3025,41.8442],[9.3091,41.8321],[9.3719,41.865],[9.4023,41.8587],[9.3998,41.6928],[9.3723,41.6788],[9.3875,41.6574],[9.3547,41.6407],[9.3464,41.6175],[9.3082,41.6285],[9.2825,41.5964],[9.2957,41.5833],[9.3215,41.6048],[9.3686,41.5969],[9.3409,41.5592],[9.2731,41.5302],[9.284,41.4776],[9.224,41.4425],[9.2281,41.4091],[9.2651,41.4283],[9.2215,41.3763],[9.1804,41.3664],[9.1209,41.3964],[9.0938,41.3938],[9.1207,41.4376],[9.0664,41.451],[9.0704,41.4669],[9.0383,41.4596],[8.9928,41.4854],[8.8846,41.5051],[8.8778,41.5238],[8.8451,41.518],[8.8417,41.5466],[8.7885,41.5577],[8.802,41.5725],[8.7828,41.5857],[8.7931,41.6296],[8.8695,41.6461],[8.9145,41.6897],[8.773,41.7119],[8.7845,41.7317],[8.7725,41.7415],[8.703,41.726],[8.6976,41.7413],[8.6586,41.7418],[8.7301,41.7759],[8.7212,41.7978],[8.7713,41.8112],[8.7903,41.8664],[8.7812,41.8807],[8.8031,41.8914],[8.7858,41.9203],[8.7549,41.9326],[8.7214,41.9093],[8.6149,41.9023],[8.6208,41.9395],[8.5959,41.9661],[8.6689,41.9824],[8.6564,42.0093],[8.747,42.0502],[8.7199,42.0635],[8.6892,42.1151],[8.6605,42.1036],[8.61,42.1345],[8.5825,42.1293],[8.594,42.1432],[8.5775,42.1566],[8.5902,42.1639],[8.5682,42.169],[8.5829,42.1785],[8.5814,42.2059],[8.5703,42.2303],[8.5401,42.235],[8.6891,42.2635],[8.6901,42.2782],[8.6606,42.3021],[8.5974,42.3161],[8.6264,42.3402],[8.6002,42.353],[8.5533,42.333],[8.5479,42.3794],[8.5734,42.3814]]]]}},{"type":"Feature","properties":{"code":"22","nom":"Côtes-d'Armor"},"geometry":{"type":"MultiPolygon","coordinates":[[[[-3.0023,48.8363],[-3.0131,48.8564],[-2.9941,48.8643],[-3.0023,48.8363]]],[[[-3.5839,48.7941],[-3.5836,48.8048],[-3.5658,48.8077],[-3.5839,48.7941]]],[[[-2.1237,48.6044],[-2.1233,48.589],[-2.0953,48.5741],[-2.0448,48.5642],[-2.0462,48.544],[-2.0069,48.5661],[-1.9937,48.5595],[-1.9754,48.5437],[-1.9858,48.5108],[-1.9319,48.5508],[-1.9125,48.5188],[-1.9229,48.5028],[-1.909,48.4816],[-1.9269,48.4769],[-1.9239,48.4609],[-1.9519,48.4292],[-1.93,48.3948],[-1.9459,48.3771],[-1.9326,48.3564],[-1.9669,48.3428],[-1.9548,48.3171],[-1.9646,48.2904],[-1.9782,48.3016],[-2.0141,48.2795],[-2.0533,48.2983],[-2.1105,48.2751],[-2.0955,48.2666],[-2.1101,48.2529],[-2.187,48.2464],[-2.1844,48.2146],[-2.2281,48.2105],[-2.2247,48.1706],[-2.2484,48.159],[-2.2354,48.1493],[-2.2711,48.1504],[-2.3578,48.1113],[-2.4264,48.1738],[-2.5337,48.1569],[-2.514,48.1324],[-2.5493,48.0991],[-2.5484,48.0767],[-2.6312,48.0355],[-2.6701,48.0479],[-2.6523,48.0959],[-2.6619,48.1286],[-2.7539,48.1158],[-2.7777,48.0904],[-2.8054,48.1436],[-2.8508,48.1412],[-2.9371,48.1702],[-3,48.1617],[-3.0143,48.1975],[-3.078,48.2109],[-3.1322,48.1955],[-3.1395,48.1637],[-3.1925,48.1644],[-3.2722,48.14],[-3.3368,48.1711],[-3.417,48.1459],[-3.435,48.1544],[-3.4215,48.1719],[-3.4436,48.1858],[-3.5648,48.1857],[-3.5212,48.2022],[-3.5578,48.2285],[-3.5221,48.2555],[-3.5184,48.2823],[-3.555,48.2937],[-3.5293,48.3148],[-3.5483,48.3128],[-3.5631,48.3482],[-3.5546,48.3778],[-3.6076,48.3885],[-3.5904,48.4289],[-3.5523,48.4511],[-3.599,48.4705],[-3.6041,48.4964],[-3.5393,48.5383],[-3.5946,48.555],[-3.5848,48.5735],[-3.6411,48.5968],[-3.6637,48.6488],[-3.6364,48.6819],[-3.6013,48.6689],[-3.5674,48.6829],[-3.5821,48.6888],[-3.5848,48.7171],[-3.5494,48.7457],[-3.585,48.7755],[-3.535,48.8027],[-3.5452,48.8115],[-3.5132,48.835],[-3.4282,48.8165],[-3.4429,48.8032],[-3.4307,48.7972],[-3.3976,48.8007],[-3.3194,48.8383],[-3.2643,48.8342],[-3.2197,48.8665],[-3.2082,48.8131],[-3.1679,48.8531],[-3.114,48.8667],[-3.084,48.8657],[-3.0935,48.8588],[-3.0792,48.83],[-3.1198,48.7736],[-3.0996,48.7683],[-3.0704,48.8209],[-3.0136,48.8221],[-3.0061,48.8003],[-3.0417,48.789],[-3.0159,48.7671],[-2.9554,48.7692],[-2.9286,48.7544],[-2.9417,48.7192],[-2.8413,48.6634],[-2.8154,48.6099],[-2.8252,48.6003],[-2.718,48.5554],[-2.7146,48.529],[-2.6848,48.498],[-2.6816,48.5311],[-2.6303,48.5261],[-2.5503,48.5987],[-2.4734,48.6225],[-2.468,48.6496],[-2.3963,48.6427],[-2.3268,48.6827],[-2.2873,48.668],[-2.3378,48.6201],[-2.3094,48.615],[-2.2591,48.645],[-2.2018,48.5838],[-2.1821,48.5992],[-2.1735,48.5779],[-2.1429,48.6112],[-2.1237,48.6044]]]]}},{"type":"Feature","properties":{"code":"23","nom":"Creuse"},"geometry":{"type":"Polygon","coordinates":[[[2.1678,46.4241],[2.281,46.4204],[2.285,46.3859],[2.3371,46.3668],[2.3027,46.3544],[2.323,46.3293],[2.3705,46.3126],[2.3841,46.3289],[2.4205,46.3101],[2.4213,46.2846],[2.443,46.295],[2.4789,46.2811],[2.4891,46.249],[2.5163,46.2394],[2.5286,46.1849],[2.5598,46.1734],[2.5519,46.0835],[2.5717,46.0487],[2.6025,46.0335],[2.5944,45.9894],[2.6075,45.9791],[2.5652,45.9566],[2.5415,45.9215],[2.555,45.9125],[2.4922,45.864],[2.4426,45.863],[2.4478,45.8458],[2.388,45.8274],[2.4414,45.7624],[2.4921,45.7377],[2.4358,45.6993],[2.3492,45.7095],[2.3209,45.6686],[2.2733,45.664],[2.2727,45.6877],[2.194,45.699],[2.2023,45.7186],[2.1743,45.7322],[2.0847,45.728],[2.0814,45.7471],[2.0469,45.7639],[2.0017,45.7481],[1.9885,45.7214],[1.9566,45.7248],[1.8987,45.6983],[1.8733,45.7253],[1.8864,45.7452],[1.8743,45.7558],[1.8941,45.7593],[1.8809,45.7977],[1.7765,45.8328],[1.7708,45.8684],[1.6766,45.8351],[1.6024,45.8575],[1.591,45.8831],[1.636,45.8884],[1.6247,45.9161],[1.6345,45.923],[1.5792,45.9304],[1.5666,45.914],[1.5133,45.9317],[1.5749,45.976],[1.5323,46.0113],[1.5492,46.0354],[1.5318,46.0582],[1.5434,46.0769],[1.4905,46.1118],[1.5067,46.1221],[1.4521,46.1533],[1.4653,46.1619],[1.4528,46.1798],[1.3961,46.1882],[1.3749,46.2154],[1.4198,46.245],[1.4057,46.2541],[1.4147,46.2714],[1.4368,46.2725],[1.4142,46.2805],[1.4458,46.3314],[1.4097,46.3428],[1.5223,46.4265],[1.544,46.4169],[1.5462,46.3935],[1.6093,46.4231],[1.6288,46.3882],[1.6448,46.3868],[1.6836,46.4182],[1.7277,46.389],[1.7574,46.4236],[1.7476,46.45],[1.7984,46.4548],[1.8384,46.4273],[1.9781,46.4398],[2.0889,46.4089],[2.1678,46.4241]]]}},{"type":"Feature","properties":{"code":"25","nom":"Doubs"},"geometry":{"type":"Polygon","coordinates":[[[6.807,47.5628],[6.8167,47.5479],[6.9057,47.5474],[6.9455,47.5124],[6.9489,47.4857],[6.9076,47.4945],[6.9405,47.4334],[6.9384,47.406],[6.9176,47.4055],[6.8794,47.3584],[7.0162,47.3718],[7.0497,47.3607],[7.0568,47.3346],[7.0097,47.3244],[7.0161,47.3136],[6.9931,47.2955],[6.9429,47.2878],[6.955,47.2429],[6.8426,47.1721],[6.8583,47.1644],[6.8398,47.1509],[6.7073,47.083],[6.6916,47.0667],[6.7111,47.0543],[6.6997,47.039],[6.6187,46.992],[6.4967,46.9742],[6.4327,46.9286],[6.4646,46.8902],[6.4599,46.8511],[6.431,46.8124],[6.4587,46.7888],[6.4381,46.7618],[6.2705,46.6832],[6.1107,46.5763],[6.1381,46.5577],[6.0486,46.6077],[6.1001,46.6435],[6.0698,46.6895],[6.1803,46.7416],[6.2033,46.7727],[6.1057,46.8452],[6.0242,46.8555],[6.0327,46.8709],[6.0058,46.8731],[6.0117,46.8889],[5.9857,46.9061],[5.9968,46.9331],[5.9641,46.9481],[5.9757,46.9759],[5.8286,47.0122],[5.8158,47.0458],[5.7876,47.0206],[5.7495,47.0172],[5.7408,47.0311],[5.7527,47.0398],[5.737,47.0498],[5.7847,47.0549],[5.7685,47.0894],[5.8273,47.1425],[5.7864,47.1881],[5.7398,47.201],[5.6987,47.265],[5.7323,47.2636],[5.8839,47.3216],[5.8935,47.3108],[5.8967,47.3291],[5.9264,47.3271],[5.927,47.3448],[5.9894,47.3276],[6.08,47.354],[6.0815,47.3715],[6.113,47.3613],[6.1167,47.3932],[6.1522,47.3861],[6.1993,47.4218],[6.2427,47.414],[6.2344,47.4246],[6.2802,47.444],[6.2998,47.4841],[6.3343,47.506],[6.4177,47.5211],[6.4635,47.5121],[6.4711,47.4872],[6.4959,47.5057],[6.5536,47.4928],[6.5836,47.51],[6.5683,47.533],[6.5818,47.5399],[6.6467,47.5353],[6.6702,47.5579],[6.6601,47.5799],[6.7684,47.5377],[6.807,47.5628]]]}},{"type":"Feature","properties":{"code":"29","nom":"Finistère"},"geometry":{"type":"MultiPolygon","coordinates":[[[[-5.0725,48.4827],[-5.0403,48.4651],[-5.1059,48.4363],[-5.1017,48.4559],[-5.138,48.4484],[-5.0725,48.4827]]],[[[-3.9918,48.7364],[-4.0398,48.7465],[-4.0062,48.7521],[-3.9918,48.7364]]],[[[-3.6592,48.6592],[-3.6411,48.5968],[-3.5393,48.5383],[-3.6041,48.4964],[-3.599,48.4705],[-3.5523,48.4511],[-3.5904,48.4289],[-3.6076,48.3885],[-3.5546,48.3778],[-3.5483,48.3128],[-3.5293,48.3148],[-3.555,48.2937],[-3.5184,48.2823],[-3.5221,48.2555],[-3.5578,48.2285],[-3.5212,48.2022],[-3.6958,48.1522],[-3.7155,48.1422],[-3.7312,48.0962],[-3.695,48.0935],[-3.6982,48.0623],[-3.674,48.0525],[-3.6402,47.9852],[-3.5553,47.9931],[-3.4974,47.9767],[-3.4766,47.9487],[-3.4031,47.9662],[-3.3881,47.9293],[-3.4066,47.9172],[-3.4034,47.8701],[-3.4492,47.8619],[-3.4575,47.8371],[-3.4884,47.8237],[-3.523,47.8491],[-3.5397,47.8362],[-3.5212,47.7989],[-3.5323,47.7683],[-3.6808,47.7768],[-3.7325,47.8029],[-3.8006,47.7876],[-3.8371,47.7972],[-3.9025,47.8359],[-3.8953,47.8515],[-3.9115,47.8703],[-3.9727,47.8971],[-3.99,47.8827],[-3.9835,47.8609],[-4.0416,47.846],[-4.0973,47.8619],[-4.1443,47.9108],[-4.1098,47.9364],[-4.1016,47.9716],[-4.1108,47.9364],[-4.1486,47.9118],[-4.1128,47.8642],[-4.1636,47.8492],[-4.1751,47.876],[-4.1956,47.8761],[-4.178,47.8345],[-4.1594,47.8318],[-4.1748,47.8077],[-4.2166,47.7931],[-4.3624,47.7957],[-4.3793,47.8221],[-4.3498,47.8308],[-4.3626,47.8893],[-4.4246,47.9638],[-4.5369,48.0125],[-4.5648,47.9998],[-4.633,48.0294],[-4.732,48.0409],[-4.7125,48.0421],[-4.7163,48.0625],[-4.6682,48.0702],[-4.3744,48.1102],[-4.307,48.0892],[-4.2843,48.1079],[-4.2731,48.1542],[-4.2928,48.1574],[-4.3011,48.1914],[-4.4484,48.2356],[-4.5016,48.2304],[-4.4973,48.2168],[-4.5541,48.1678],[-4.564,48.2322],[-4.5438,48.2487],[-4.6198,48.2639],[-4.6192,48.2777],[-4.5666,48.2863],[-4.5794,48.318],[-4.5554,48.3383],[-4.5344,48.3419],[-4.5563,48.2998],[-4.541,48.2902],[-4.5077,48.3107],[-4.5088,48.2844],[-4.4238,48.2917],[-4.3845,48.2752],[-4.2717,48.2959],[-4.2849,48.2759],[-4.2459,48.2508],[-4.1867,48.2465],[-4.2794,48.2778],[-4.1941,48.2937],[-4.3312,48.3146],[-4.278,48.3449],[-4.2977,48.3559],[-4.3022,48.3438],[-4.3665,48.3448],[-4.3753,48.3263],[-4.4475,48.3257],[-4.4418,48.3536],[-4.4075,48.3805],[-4.282,48.4344],[-4.6087,48.3379],[-4.6806,48.3556],[-4.7076,48.3323],[-4.7723,48.3292],[-4.7808,48.3584],[-4.7609,48.3728],[-4.7933,48.4162],[-4.7591,48.4704],[-4.777,48.5031],[-4.7506,48.5434],[-4.6897,48.5716],[-4.6306,48.5777],[-4.592,48.557],[-4.5802,48.5622],[-4.6092,48.5754],[-4.5983,48.608],[-4.5455,48.5978],[-4.5687,48.611],[-4.5615,48.6238],[-4.415,48.6379],[-4.4271,48.6523],[-4.3514,48.6761],[-4.2954,48.6604],[-4.3161,48.6402],[-4.2985,48.6326],[-4.2728,48.6496],[-4.1945,48.6522],[-4.2202,48.6561],[-4.1869,48.6865],[-4.0709,48.6847],[-4.0354,48.7139],[-4.0005,48.7116],[-3.9834,48.7263],[-3.9668,48.7196],[-3.9757,48.699],[-3.9495,48.6529],[-3.9212,48.6749],[-3.8911,48.6709],[-3.9062,48.6608],[-3.8977,48.6464],[-3.8567,48.6206],[-3.8455,48.627],[-3.8644,48.6703],[-3.8466,48.6731],[-3.8483,48.6959],[-3.8324,48.7119],[-3.8208,48.7014],[-3.8189,48.7152],[-3.6452,48.6907],[-3.6592,48.6592]]]]}},{"type":"Feature","properties":{"code":"30","nom":"Gard"},"geometry":{"type":"Polygon","coordinates":[[[3.3736,44.1708],[3.4546,44.1269],[3.6074,44.116],[3.6527,44.1456],[3.6278,44.155],[3.6496,44.1808],[3.6786,44.1828],[3.797,44.1274],[3.8776,44.1329],[3.9273,44.1613],[3.922,44.1803],[3.9744,44.1645],[3.9599,44.1913],[3.9371,44.1956],[3.9462,44.2402],[3.9719,44.2516],[3.9356,44.2747],[3.9229,44.3052],[3.9523,44.3284],[3.8924,44.3815],[3.9079,44.4026],[3.9444,44.3996],[3.9982,44.4598],[4.0376,44.4457],[4.0355,44.4201],[4.0684,44.4051],[4.0425,44.3946],[4.0515,44.3173],[4.1267,44.3377],[4.1429,44.3134],[4.1777,44.3179],[4.1867,44.2997],[4.2588,44.2648],[4.2894,44.2932],[4.2884,44.3147],[4.3361,44.3395],[4.3865,44.3466],[4.4032,44.3339],[4.399,44.2889],[4.4405,44.2841],[4.4576,44.3416],[4.5035,44.3402],[4.5587,44.3024],[4.6288,44.284],[4.6748,44.2385],[4.6727,44.2168],[4.7018,44.2161],[4.7221,44.1874],[4.707,44.1137],[4.7196,44.0867],[4.7549,44.0883],[4.788,44.0651],[4.8456,43.9967],[4.816,43.9888],[4.8151,43.9676],[4.779,43.9379],[4.6419,43.8675],[4.6663,43.8448],[4.6424,43.8314],[4.6512,43.7823],[4.6136,43.7298],[4.6277,43.6905],[4.5398,43.7073],[4.4872,43.6992],[4.427,43.6207],[4.4752,43.6083],[4.4607,43.5893],[4.3341,43.5355],[4.3164,43.5443],[4.3227,43.5304],[4.2381,43.4976],[4.2303,43.4602],[4.1377,43.4819],[4.1166,43.5087],[4.1391,43.5319],[4.101,43.5544],[4.1092,43.5686],[4.0959,43.5815],[4.1502,43.5856],[4.191,43.6392],[4.1448,43.7339],[4.114,43.7377],[4.0238,43.8033],[3.9612,43.8057],[3.9794,43.8429],[3.9221,43.8584],[3.9174,43.8856],[3.8061,43.8779],[3.7995,43.8908],[3.8271,43.9358],[3.7958,43.9425],[3.7873,43.9669],[3.7069,43.9614],[3.6822,43.9469],[3.6725,43.9116],[3.6468,43.9146],[3.6464,43.901],[3.6236,43.917],[3.5754,43.8655],[3.5994,43.8547],[3.5779,43.8439],[3.5307,43.8556],[3.5133,43.8962],[3.4352,43.863],[3.4245,43.9116],[3.3679,43.9141],[3.356,43.9462],[3.4392,43.998],[3.4508,44.0208],[3.3901,44.0535],[3.3518,44.0502],[3.3289,44.079],[3.2906,44.0717],[3.2628,44.094],[3.321,44.1095],[3.3361,44.1587],[3.3736,44.1708]]]}},{"type":"Feature","properties":{"code":"33","nom":"Gironde"},"geometry":{"type":"Polygon","coordinates":[[[-1.0257,45.5747],[-0.8411,45.4351],[-0.774,45.3692],[-0.7527,45.3218],[-0.5945,45.3211],[-0.5872,45.3428],[-0.569,45.3315],[-0.5677,45.2976],[-0.4712,45.2921],[-0.4187,45.2734],[-0.4241,45.2527],[-0.4074,45.2471],[-0.4175,45.204],[-0.3834,45.1433],[-0.3636,45.1703],[-0.3423,45.1676],[-0.3135,45.1382],[-0.3079,45.1496],[-0.2754,45.1414],[-0.2457,45.1082],[-0.1619,45.0925],[-0.0877,45.1214],[-0.0477,45.0975],[-0.0036,45.1196],[0.0461,45.1132],[0.0733,45.0701],[0.0436,45.0327],[0.0334,44.9806],[0.0092,44.9628],[0.0344,44.9155],[-0.0154,44.8577],[-0.0331,44.8556],[0.0211,44.8498],[0.0395,44.8275],[0.0758,44.8197],[0.098,44.8329],[0.1929,44.821],[0.2418,44.8569],[0.2376,44.8692],[0.308,44.8517],[0.2841,44.8237],[0.2637,44.8263],[0.2742,44.7834],[0.2973,44.7623],[0.2557,44.7501],[0.2265,44.7644],[0.2168,44.7241],[0.2017,44.7224],[0.1845,44.749],[0.1413,44.7374],[0.1334,44.7046],[0.1006,44.7012],[0.1416,44.6655],[0.1773,44.6673],[0.1652,44.6329],[0.1374,44.6361],[0.1536,44.6161],[0.0822,44.584],[0.0707,44.5493],[0.0038,44.5506],[0.0096,44.5219],[-0.0171,44.4949],[-0.013,44.4614],[0.0075,44.4471],[-0.0106,44.4185],[0.0236,44.3775],[-0.0858,44.3376],[-0.0348,44.2967],[-0.0362,44.2714],[-0.0666,44.2468],[-0.1407,44.2264],[-0.1941,44.269],[-0.226,44.2648],[-0.2234,44.2059],[-0.2721,44.1938],[-0.3896,44.2095],[-0.3834,44.2863],[-0.4306,44.3032],[-0.4318,44.3226],[-0.5176,44.3391],[-0.5281,44.3647],[-0.6276,44.3981],[-0.6406,44.4494],[-0.676,44.4573],[-0.6819,44.4441],[-0.7297,44.4482],[-0.8173,44.4204],[-0.912,44.4369],[-1.0292,44.4227],[-0.9807,44.4829],[-0.9877,44.5083],[-1.0266,44.5071],[-1.0852,44.5322],[-1.1065,44.5028],[-1.2539,44.4676],[-1.2603,44.5395],[-1.2121,44.5995],[-1.1915,44.6607],[-1.0808,44.6406],[-1.0054,44.648],[-1.0233,44.675],[-1.0581,44.689],[-1.0364,44.6936],[-1.1605,44.7747],[-1.223,44.7096],[-1.2521,44.6177],[-1.2617,44.6477],[-1.1623,45.2979],[-1.1546,45.4802],[-1.0961,45.5568],[-1.0257,45.5747]]]}},{"type":"Feature","properties":{"code":"36","nom":"Indre"},"geometry":{"type":"Polygon","coordinates":[[[1.3267,47.1862],[1.4485,47.238],[1.5341,47.2213],[1.5263,47.2529],[1.591,47.2575],[1.5924,47.2767],[1.6504,47.2732],[1.6659,47.2578],[1.7157,47.2768],[1.7761,47.2314],[1.8391,47.2193],[1.8421,47.178],[1.7746,47.1308],[1.8827,47.102],[1.9967,47.127],[2.0033,47.0942],[2.0484,47.106],[2.0557,47.0717],[2.0337,47.0499],[2.1089,46.9972],[2.0702,46.9544],[2.0707,46.934],[2.1548,46.9116],[2.1262,46.8799],[2.0871,46.8675],[2.0965,46.8552],[2.0783,46.8389],[2.0481,46.8358],[2.1166,46.7797],[2.0658,46.7425],[2.0927,46.7243],[2.087,46.7126],[2.1554,46.6922],[2.1367,46.6773],[2.1431,46.6635],[2.1894,46.6421],[2.1856,46.6029],[2.1671,46.589],[2.1732,46.5662],[2.1587,46.5573],[2.2044,46.4906],[2.1937,46.4708],[2.1565,46.4615],[2.1678,46.4241],[2.0889,46.4089],[1.9781,46.4398],[1.8384,46.4273],[1.7549,46.4522],[1.7574,46.4236],[1.7277,46.389],[1.6836,46.4182],[1.6288,46.3882],[1.6093,46.4231],[1.5525,46.3941],[1.5223,46.4265],[1.4152,46.3472],[1.3443,46.4015],[1.3094,46.3781],[1.2164,46.3678],[1.2048,46.3877],[1.1773,46.3839],[1.2127,46.4322],[1.1834,46.4292],[1.186,46.4411],[1.1516,46.4492],[1.1355,46.4709],[1.153,46.473],[1.135,46.4953],[1.1491,46.5022],[1.0876,46.5382],[1.0206,46.5371],[1.0148,46.5678],[0.9159,46.5966],[0.8943,46.6257],[0.9174,46.6504],[0.9067,46.6656],[0.9247,46.6928],[0.901,46.7361],[0.8675,46.7482],[0.9247,46.7571],[0.9564,46.7371],[0.9888,46.7615],[1.0117,46.7578],[1.0025,46.7945],[0.9872,46.7982],[1.0195,46.8494],[1.0376,46.9413],[1.0586,46.9515],[1.0559,46.9959],[1.0776,47.0158],[1.1614,47.0396],[1.2321,47.0141],[1.2578,47.0264],[1.3126,47.0738],[1.3188,47.1049],[1.3445,47.1016],[1.3654,47.122],[1.3267,47.1862]]]}},{"type":"Feature","properties":{"code":"38","nom":"Isère"},"geometry":{"type":"Polygon","coordinates":[[[5.6237,45.6133],[5.6695,45.5632],[5.6717,45.5366],[5.7364,45.4725],[5.7401,45.4373],[5.798,45.4371],[5.9096,45.3904],[5.9281,45.4155],[5.9016,45.418],[5.9254,45.4646],[5.9164,45.4767],[5.9662,45.4923],[6.0498,45.4379],[6.1213,45.4389],[6.1775,45.3932],[6.1803,45.3604],[6.1948,45.3522],[6.1844,45.318],[6.1319,45.2883],[6.1273,45.2333],[6.1619,45.1884],[6.1438,45.1546],[6.1892,45.1637],[6.2654,45.1396],[6.2294,45.1087],[6.2401,45.0677],[6.2201,45.0654],[6.2039,45.0125],[6.2518,44.9967],[6.3182,45.0039],[6.3229,44.953],[6.3588,44.9413],[6.3554,44.8548],[6.3363,44.8484],[6.2882,44.874],[6.2505,44.8527],[6.1362,44.8641],[6.0563,44.8159],[6.0302,44.8381],[5.9495,44.8045],[5.9801,44.7812],[5.9525,44.7621],[5.8888,44.7488],[5.8271,44.7597],[5.8088,44.7121],[5.7853,44.7008],[5.759,44.6961],[5.7052,44.7277],[5.6471,44.7241],[5.6271,44.7525],[5.5498,44.7945],[5.5555,44.7712],[5.4642,44.7924],[5.4837,44.8232],[5.4638,44.826],[5.4888,44.9902],[5.4648,45.0459],[5.483,45.0838],[5.4684,45.0881],[5.3884,45.0361],[5.3431,45.0598],[5.2483,45.0609],[5.2082,45.0842],[5.1833,45.0849],[5.1635,45.066],[5.1473,45.0725],[5.1874,45.1208],[5.1917,45.1546],[5.1675,45.2102],[5.2017,45.2174],[5.1765,45.2484],[5.1214,45.2483],[5.1385,45.2962],[5.0754,45.2818],[5.0591,45.3136],[5.0206,45.3194],[5.0096,45.3422],[4.9892,45.344],[4.8802,45.2975],[4.8588,45.309],[4.8005,45.2984],[4.7605,45.3275],[4.7736,45.3477],[4.7441,45.4089],[4.7555,45.447],[4.8685,45.5234],[4.7821,45.5806],[4.8577,45.5796],[4.8822,45.6016],[4.972,45.6127],[4.998,45.6034],[4.9894,45.6185],[5.0047,45.6231],[5.0381,45.6151],[5.0351,45.6372],[5.1081,45.688],[5.1049,45.7004],[5.1431,45.7],[5.1592,45.7146],[5.0945,45.7395],[5.0931,45.7661],[5.0701,45.7655],[5.0595,45.7825],[5.0893,45.7843],[5.1011,45.8134],[5.1604,45.8023],[5.1915,45.7717],[5.2211,45.7685],[5.2669,45.7894],[5.3024,45.848],[5.3538,45.8833],[5.4131,45.8522],[5.4349,45.8311],[5.4226,45.8071],[5.5273,45.7155],[5.5712,45.6969],[5.5703,45.6844],[5.5459,45.6973],[5.6237,45.6133]]]}},{"type":"Feature","properties":{"code":"51","nom":"Marne"},"geometry":{"type":"Polygon","coordinates":[[[4.048,49.4056],[4.1764,49.4022],[4.2013,49.3838],[4.2483,49.3823],[4.3068,49.3278],[4.3756,49.3238],[4.3934,49.2971],[4.4472,49.2725],[4.5759,49.2966],[4.6,49.2886],[4.595,49.2707],[4.6355,49.2321],[4.6861,49.2568],[4.7442,49.2415],[4.8154,49.2499],[4.8683,49.2285],[4.8809,49.2618],[4.915,49.2651],[4.9708,49.2361],[4.9934,49.2096],[4.9398,49.1851],[4.9921,49.1149],[5.0059,49.0594],[4.9687,49.0247],[5.0077,49.035],[5.0363,49.0243],[5.0327,48.9937],[4.9954,48.9826],[5.0379,48.973],[5.0126,48.9369],[4.9362,48.9221],[4.9158,48.8998],[4.913,48.8721],[4.9357,48.8406],[4.8888,48.8172],[4.8886,48.8006],[4.9346,48.7904],[4.9901,48.7418],[5.0092,48.7414],[5.0064,48.6991],[4.9381,48.6754],[4.9113,48.6887],[4.8546,48.6671],[4.7816,48.6692],[4.7719,48.6519],[4.842,48.6497],[4.8574,48.6145],[4.7692,48.5887],[4.7715,48.5723],[4.7963,48.568],[4.7835,48.5535],[4.7992,48.5298],[4.614,48.5538],[4.559,48.5434],[4.5454,48.5253],[4.5129,48.5462],[4.4031,48.5613],[4.3159,48.6156],[4.3318,48.6303],[4.3256,48.7003],[4.2955,48.7132],[4.1664,48.7075],[4.1311,48.6862],[4.0803,48.7011],[4.0559,48.6671],[3.9865,48.6551],[3.9492,48.6034],[3.9084,48.6017],[3.9001,48.5748],[3.8543,48.5772],[3.8608,48.5339],[3.8227,48.5161],[3.634,48.5413],[3.6277,48.5757],[3.5826,48.5855],[3.5799,48.6049],[3.5175,48.6434],[3.4531,48.634],[3.4604,48.653],[3.4408,48.6631],[3.477,48.6994],[3.4643,48.7074],[3.4675,48.7352],[3.3987,48.7556],[3.4094,48.7838],[3.4422,48.7844],[3.4413,48.8009],[3.4105,48.8039],[3.4166,48.8178],[3.4809,48.8122],[3.4824,48.8649],[3.5286,48.9121],[3.5698,48.9147],[3.5744,48.939],[3.6016,48.9441],[3.5916,48.9604],[3.6207,48.9659],[3.6399,49.0041],[3.675,49.0117],[3.664,49.0373],[3.5867,49.0358],[3.5877,49.0594],[3.6391,49.0813],[3.6,49.1207],[3.6223,49.1511],[3.717,49.147],[3.7511,49.1777],[3.7254,49.1735],[3.7044,49.1814],[3.6971,49.2055],[3.6584,49.211],[3.6516,49.2214],[3.6764,49.2384],[3.6552,49.2628],[3.6651,49.2697],[3.6428,49.296],[3.647,49.3152],[3.8015,49.3589],[3.8522,49.3447],[3.8591,49.3814],[3.9244,49.4062],[3.9613,49.3773],[4.0355,49.3599],[4.048,49.4056]]]}},{"type":"Feature","properties":{"code":"52","nom":"Haute-Marne"},"geometry":{"type":"Polygon","coordinates":[[[4.6702,48.5319],[4.7235,48.5415],[4.7992,48.5298],[4.7835,48.5535],[4.7963,48.568],[4.776,48.566],[4.7692,48.5887],[4.8574,48.6145],[4.8391,48.6458],[4.7719,48.6519],[4.7816,48.6692],[4.8171,48.6804],[4.8678,48.6672],[4.9113,48.6887],[4.9381,48.6754],[4.9525,48.6873],[5.0025,48.6826],[5.0108,48.6682],[4.9928,48.6583],[5.0059,48.634],[4.9947,48.6218],[5.0141,48.6102],[5.0497,48.6313],[5.0709,48.5957],[5.1184,48.5955],[5.1456,48.562],[5.1651,48.5653],[5.2123,48.5288],[5.3285,48.5072],[5.3495,48.482],[5.4009,48.4705],[5.425,48.4363],[5.4701,48.4209],[5.3945,48.391],[5.4416,48.3802],[5.4186,48.3607],[5.4258,48.3314],[5.4822,48.3562],[5.5259,48.3471],[5.5883,48.2743],[5.6117,48.2918],[5.6538,48.2685],[5.6409,48.2424],[5.7108,48.2199],[5.73,48.198],[5.6822,48.1757],[5.6771,48.1367],[5.6569,48.1204],[5.672,48.1095],[5.6305,48.084],[5.6968,48.0772],[5.727,48.046],[5.7777,48.0314],[5.7921,47.9992],[5.7785,47.978],[5.7873,47.9526],[5.8316,47.9578],[5.8428,47.9756],[5.8909,47.9108],[5.8484,47.9043],[5.8214,47.8682],[5.828,47.8519],[5.7612,47.8593],[5.7461,47.8236],[5.6903,47.8186],[5.6766,47.7792],[5.7051,47.7691],[5.6848,47.7223],[5.6946,47.6916],[5.5967,47.6717],[5.5672,47.7052],[5.5298,47.6728],[5.4826,47.6846],[5.4063,47.6734],[5.3548,47.5914],[5.3223,47.6124],[5.2529,47.577],[5.2396,47.5957],[5.2586,47.6222],[5.2392,47.6161],[5.1736,47.6526],[5.1793,47.6793],[5.1089,47.6497],[5.0436,47.6765],[5.0606,47.6948],[5.0328,47.6923],[5.0328,47.7041],[4.9791,47.6878],[4.9541,47.7015],[4.9707,47.7276],[4.9599,47.7545],[4.9183,47.7773],[4.9824,47.8004],[4.9941,47.8197],[4.9683,47.8319],[4.9541,47.8668],[4.9282,47.8711],[4.9019,47.9213],[4.8693,47.9174],[4.857,47.8959],[4.834,47.9068],[4.8661,47.9405],[4.852,47.9562],[4.7865,47.9642],[4.8092,47.9901],[4.7891,48.0078],[4.7199,48.0089],[4.7042,48.0202],[4.7232,48.0458],[4.663,48.0766],[4.7481,48.1147],[4.8356,48.1086],[4.8293,48.1296],[4.8501,48.1418],[4.8355,48.1617],[4.8632,48.202],[4.8417,48.2144],[4.8589,48.2636],[4.8424,48.2836],[4.8508,48.2962],[4.8142,48.323],[4.8413,48.3396],[4.7547,48.3667],[4.7602,48.3876],[4.7161,48.3949],[4.6703,48.4458],[4.6268,48.4681],[4.6535,48.4706],[4.6702,48.5319]]]}},{"type":"Feature","properties":{"code":"57","nom":"Moselle"},"geometry":{"type":"Polygon","coordinates":[[[7.6353,49.0542],[7.5784,48.9574],[7.5383,48.933],[7.4469,48.9658],[7.3268,48.9434],[7.2912,48.9566],[7.2931,48.9734],[7.2093,48.9801],[7.1742,49.0064],[7.1305,49.0046],[7.1017,49.0637],[7.1133,49.0647],[7.0993,49.0779],[7.0681,49.0669],[7.0787,49.0504],[7.0309,48.9859],[7.0322,48.956],[6.9892,48.9599],[6.9789,48.9333],[6.9444,48.9348],[6.9646,48.9045],[6.9547,48.8939],[7.0271,48.8798],[7.0502,48.8593],[7.0957,48.8621],[7.0866,48.8477],[7.0513,48.8463],[7.0471,48.8206],[7.0891,48.8068],[7.0672,48.7995],[7.0778,48.7856],[7.1268,48.8011],[7.1494,48.8447],[7.1846,48.8502],[7.1878,48.8339],[7.2287,48.828],[7.3119,48.7673],[7.2639,48.6986],[7.2425,48.6915],[7.262,48.67],[7.3043,48.6602],[7.2733,48.6333],[7.2628,48.5903],[7.1871,48.5373],[7.0921,48.529],[6.9945,48.596],[7.0167,48.604],[7.0093,48.6119],[6.9608,48.6083],[6.9342,48.6333],[6.8636,48.6203],[6.826,48.6448],[6.7825,48.6427],[6.7616,48.6675],[6.6879,48.6836],[6.6753,48.6725],[6.6584,48.708],[6.6066,48.7168],[6.5541,48.7541],[6.4536,48.7659],[6.4335,48.789],[6.3944,48.7753],[6.355,48.7817],[6.3493,48.8079],[6.3101,48.8211],[6.3389,48.8341],[6.2914,48.8425],[6.2974,48.8662],[6.3117,48.8638],[6.2983,48.8807],[6.3269,48.8966],[6.2878,48.9277],[6.1322,48.9347],[6.1169,48.9678],[6.0434,48.9775],[6.045,49.0104],[6.0165,49.0353],[5.9595,49.0471],[5.9247,49.0921],[5.9316,49.1091],[5.9974,49.1078],[5.9814,49.1445],[6.0261,49.1651],[5.9828,49.1865],[5.9876,49.2096],[6.0294,49.2305],[6.0067,49.2603],[6.0064,49.308],[5.9852,49.3052],[5.944,49.3346],[5.9613,49.3478],[5.9561,49.3616],[5.9285,49.3755],[5.9296,49.4019],[5.9119,49.4077],[5.9423,49.4303],[5.9309,49.4463],[5.9426,49.4529],[5.9279,49.4832],[5.8934,49.4969],[5.9718,49.4913],[5.989,49.4533],[6.0424,49.4479],[6.0556,49.4654],[6.1008,49.4529],[6.1277,49.4929],[6.1808,49.5077],[6.2564,49.51],[6.2966,49.4801],[6.3644,49.4595],[6.4301,49.4764],[6.4701,49.4628],[6.5522,49.4233],[6.5405,49.4011],[6.5871,49.3849],[6.5901,49.3547],[6.5648,49.3531],[6.6175,49.3022],[6.6692,49.2806],[6.6603,49.261],[6.6905,49.2476],[6.6948,49.2159],[6.7197,49.2214],[6.7315,49.2061],[6.7114,49.1885],[6.7385,49.1637],[6.7846,49.1681],[6.8345,49.1515],[6.8609,49.1787],[6.8354,49.2113],[6.9274,49.2225],[7.0343,49.1897],[7.0446,49.122],[7.0661,49.1146],[7.0978,49.155],[7.1567,49.1213],[7.1839,49.1307],[7.2012,49.1167],[7.2478,49.128],[7.2986,49.1175],[7.3298,49.1449],[7.3628,49.1452],[7.3651,49.1718],[7.4451,49.1843],[7.4407,49.1705],[7.4912,49.1698],[7.5062,49.154],[7.4922,49.1419],[7.539,49.0921],[7.6,49.0833],[7.6353,49.0542]]]}},{"type":"Feature","properties":{"code":"65","nom":"Hautes-Pyrénées"},"geometry":{"type":"MultiPolygon","coordinates":[[[[-0.1031,43.2428],[-0.1222,43.2439],[-0.1406,43.2719],[-0.12,43.3063],[-0.092,43.3005],[-0.0793,43.2717],[-0.1031,43.2428]]],[[[-0.1022,43.3585],[-0.1073,43.3707],[-0.091,43.3732],[-0.0654,43.355],[-0.075,43.3071],[-0.1041,43.3125],[-0.1157,43.331],[-0.0868,43.3369],[-0.0901,43.3589],[-0.1022,43.3585]]],[[[-0.0968,43.5824],[-0.074,43.6063],[-0.0158,43.6047],[0.0158,43.5434],[0.0897,43.5104],[0.1121,43.5174],[0.1309,43.474],[0.1625,43.4499],[0.132,43.4241],[0.1539,43.3993],[0.1738,43.4028],[0.182,43.3712],[0.2326,43.3678],[0.2986,43.3884],[0.3009,43.3718],[0.3277,43.371],[0.3281,43.3516],[0.3883,43.3562],[0.4135,43.3291],[0.443,43.3279],[0.445,43.3403],[0.5474,43.3293],[0.6357,43.3001],[0.5516,43.2361],[0.5741,43.2213],[0.5174,43.2124],[0.5058,43.1997],[0.5216,43.192],[0.442,43.1313],[0.4639,43.1178],[0.4532,43.1112],[0.489,43.1152],[0.5639,43.0742],[0.5627,43.0358],[0.5472,43.0449],[0.5271,43.0086],[0.5412,43.0017],[0.6082,43.0336],[0.6274,43.0001],[0.6188,42.9724],[0.6455,42.9621],[0.6061,42.9344],[0.5759,42.8708],[0.5369,42.8625],[0.4773,42.8781],[0.4602,42.8518],[0.4551,42.7281],[0.4846,42.7103],[0.4778,42.7],[0.4293,42.6907],[0.3596,42.7234],[0.3002,42.6766],[0.2709,42.6907],[0.2599,42.7158],[0.1757,42.7365],[0.0024,42.6862],[-0.0598,42.6934],[-0.064,42.7101],[-0.1061,42.7208],[-0.1546,42.7927],[-0.2139,42.796],[-0.3134,42.8494],[-0.3271,42.9158],[-0.2816,42.9336],[-0.2877,43.0054],[-0.2648,43.01],[-0.2599,43.0383],[-0.2239,43.0337],[-0.1896,43.052],[-0.191,43.1112],[-0.1461,43.1282],[-0.1177,43.1803],[-0.1045,43.1667],[-0.0679,43.1771],[-0.0725,43.2244],[-0.0495,43.2172],[-0.017,43.2704],[-0.0461,43.3009],[-0.0249,43.3295],[0.0103,43.3253],[0.0263,43.3414],[-0.0053,43.3738],[0.0096,43.4221],[-0.001,43.4444],[-0.0428,43.4104],[-0.0665,43.4117],[-0.0538,43.4189],[-0.0658,43.4635],[-0.0193,43.4665],[-0.0493,43.4925],[-0.0447,43.5253],[-0.0644,43.5451],[-0.0887,43.5421],[-0.0968,43.5824]]]]}},{"type":"Feature","properties":{"code":"66","nom":"Pyrénées-Orientales"},"geometry":{"type":"Polygon","coordinates":[[[2.166,42.6639],[2.1921,42.6518],[2.2645,42.7062],[2.322,42.7078],[2.3554,42.727],[2.3439,42.8012],[2.3191,42.824],[2.3271,42.8374],[2.509,42.8498],[2.6976,42.8304],[2.74,42.8376],[2.7891,42.896],[2.8653,42.9183],[3.0435,42.8381],[3.0348,42.6602],[3.0496,42.5501],[3.1245,42.521],[3.1302,42.4853],[3.153,42.4778],[3.1748,42.4387],[3.0854,42.4255],[3.0408,42.4731],[2.969,42.4658],[2.947,42.4818],[2.9245,42.4584],[2.8414,42.4585],[2.777,42.412],[2.7532,42.4254],[2.675,42.405],[2.6714,42.3875],[2.6556,42.3884],[2.6718,42.3412],[2.5778,42.3579],[2.5258,42.3336],[2.483,42.3396],[2.4355,42.3889],[2.2578,42.4384],[2.2011,42.4163],[2.1314,42.4135],[2.1168,42.3832],[2.0836,42.3627],[1.9859,42.362],[1.9353,42.4536],[1.8854,42.4493],[1.8346,42.4818],[1.7299,42.4953],[1.7499,42.5636],[1.8745,42.5814],[1.9002,42.6149],[1.9361,42.6054],[1.9718,42.6169],[2.0005,42.6616],[2.166,42.6639]],[[1.9574,42.4616],[2.0127,42.4483],[1.9788,42.4948],[1.9574,42.4616]]]}},{"type":"Feature","properties":{"code":"73","nom":"Savoie"},"geometry":{"type":"Polygon","coordinates":[[[6.8025,45.7784],[6.8112,45.7307],[6.8478,45.6894],[6.9025,45.6809],[6.9021,45.6637],[6.9346,45.6471],[6.9667,45.6541],[7.0007,45.6399],[6.9778,45.5899],[6.9954,45.5756],[7.0003,45.5044],[7.0521,45.4962],[7.0542,45.4722],[7.0998,45.4694],[7.1338,45.4266],[7.1843,45.4075],[7.1347,45.3312],[7.1107,45.3265],[7.1376,45.2557],[7.0673,45.2101],[7.0512,45.2253],[6.9688,45.2081],[6.9429,45.1762],[6.8916,45.167],[6.8976,45.143],[6.8499,45.1272],[6.7679,45.1597],[6.7393,45.1368],[6.6862,45.1398],[6.63,45.1093],[6.5765,45.1231],[6.5567,45.1041],[6.5104,45.109],[6.4813,45.0941],[6.4862,45.0561],[6.3651,45.0713],[6.3629,45.1045],[6.3345,45.1228],[6.2863,45.1102],[6.2489,45.1497],[6.2277,45.1427],[6.1892,45.1637],[6.1438,45.1546],[6.1619,45.1884],[6.1273,45.2333],[6.1319,45.2883],[6.1844,45.318],[6.1948,45.3522],[6.1804,45.3549],[6.1917,45.369],[6.1775,45.3932],[6.1325,45.4334],[6.0498,45.4379],[5.9662,45.4923],[5.9164,45.4767],[5.9254,45.4646],[5.9016,45.418],[5.9226,45.4168],[5.9096,45.3904],[5.798,45.4371],[5.7401,45.4373],[5.7364,45.4725],[5.623,45.6043],[5.6892,45.6485],[5.6837,45.662],[5.7083,45.6831],[5.701,45.7021],[5.7488,45.7053],[5.7762,45.7292],[5.7869,45.823],[5.8312,45.9385],[5.8621,45.9324],[5.8734,45.8381],[5.9132,45.8041],[5.9626,45.8122],[5.9581,45.7949],[5.981,45.7956],[5.9739,45.7749],[6.0429,45.7391],[6.1034,45.7451],[6.1031,45.7634],[6.1662,45.7557],[6.1955,45.7323],[6.1943,45.6938],[6.2317,45.7028],[6.2321,45.6822],[6.3217,45.693],[6.3838,45.7781],[6.4237,45.8024],[6.4706,45.8847],[6.5091,45.9086],[6.5729,45.8776],[6.5684,45.8632],[6.5358,45.8621],[6.5656,45.8157],[6.6017,45.7954],[6.6612,45.7989],[6.6888,45.7714],[6.6904,45.7271],[6.8025,45.7784]]]}},{"type":"Feature","properties":{"code":"74","nom":"Haute-Savoie"},"geometry":{"type":"Polygon","coordinates":[[[6.8025,45.7784],[6.7555,45.7664],[6.7119,45.7229],[6.6904,45.7271],[6.6888,45.7714],[6.6612,45.7989],[6.6017,45.7954],[6.5656,45.8157],[6.5358,45.8621],[6.5684,45.8632],[6.5729,45.8776],[6.5091,45.9086],[6.4508,45.8613],[6.4237,45.8024],[6.3685,45.7725],[6.3703,45.7529],[6.3306,45.6955],[6.2397,45.6854],[6.2143,45.709],[6.1943,45.6938],[6.1955,45.7323],[6.1429,45.7615],[6.1279,45.7517],[6.1031,45.7634],[6.1034,45.7451],[6.0429,45.7391],[5.9799,45.7689],[5.981,45.7956],[5.9581,45.7949],[5.9626,45.8122],[5.9132,45.8041],[5.8734,45.8381],[5.8621,45.9324],[5.8338,45.935],[5.834,45.972],[5.8096,45.9898],[5.8114,46.0784],[5.824,46.1036],[5.8832,46.0849],[5.894,46.1195],[5.9223,46.1315],[6.0455,46.1399],[6.052,46.1514],[6.1449,46.1448],[6.2321,46.2055],[6.2957,46.2261],[6.3085,46.2551],[6.2676,46.2478],[6.2378,46.2773],[6.2799,46.3511],[6.3152,46.3688],[6.3447,46.37],[6.39,46.3402],[6.509,46.404],[6.7229,46.4076],[6.7957,46.3931],[6.8062,46.3804],[6.7726,46.3617],[6.7826,46.3369],[6.8645,46.283],[6.8037,46.2043],[6.7985,46.1361],[6.8898,46.1248],[6.8915,46.0845],[6.8726,46.052],[6.8883,46.0431],[6.9374,46.0646],[7.0183,45.9842],[7.0094,45.9698],[7.0376,45.9543],[7.0439,45.9221],[7.0031,45.8978],[6.9917,45.8682],[6.9396,45.8467],[6.8822,45.8495],[6.8698,45.8256],[6.8181,45.835],[6.8025,45.7784]]]}},{"type":"Feature","properties":{"code":"77","nom":"Seine-et-Marne"},"geometry":{"type":"Polygon","coordinates":[[[2.5717,48.692],[2.5688,48.7072],[2.5947,48.7318],[2.5858,48.7415],[2.6137,48.761],[2.592,48.7714],[2.5925,48.8259],[2.5594,48.8853],[2.5838,48.8954],[2.6026,48.9294],[2.5634,48.9777],[2.5798,48.985],[2.5658,49.0124],[2.5378,49.0166],[2.5883,49.047],[2.5742,49.0541],[2.5905,49.0797],[2.6333,49.1084],[2.7062,49.0653],[2.7205,49.0749],[2.7604,49.063],[2.8091,49.0975],[2.8557,49.0703],[2.9705,49.089],[2.988,49.0724],[3.0085,49.0915],[3.0484,49.0863],[3.0719,49.1176],[3.1652,49.0997],[3.1569,49.0867],[3.1902,49.0465],[3.161,49.0242],[3.2442,48.9768],[3.2678,48.9383],[3.3048,48.9488],[3.3303,48.9087],[3.3663,48.9228],[3.3805,48.8748],[3.4522,48.8563],[3.4454,48.8432],[3.4619,48.8378],[3.4852,48.8519],[3.4872,48.8152],[3.4042,48.8093],[3.4413,48.8009],[3.4422,48.7844],[3.4094,48.7838],[3.3987,48.7556],[3.4675,48.7352],[3.4643,48.7074],[3.477,48.6994],[3.4427,48.6725],[3.4604,48.653],[3.4531,48.634],[3.5032,48.6457],[3.5556,48.6203],[3.5039,48.6048],[3.5159,48.5898],[3.4655,48.5705],[3.4798,48.5506],[3.4592,48.5307],[3.4054,48.528],[3.4346,48.4903],[3.3884,48.4804],[3.4065,48.4525],[3.392,48.4243],[3.4221,48.4133],[3.4148,48.3903],[3.3833,48.3997],[3.3672,48.3943],[3.3652,48.3723],[3.2824,48.3775],[3.2544,48.365],[3.1399,48.3726],[3.1034,48.3495],[3.0495,48.3601],[3.0159,48.3079],[3.0476,48.2497],[3.0315,48.2489],[3.0052,48.2077],[2.9347,48.1788],[2.9363,48.1634],[2.868,48.1564],[2.8253,48.1336],[2.8009,48.1333],[2.8099,48.1613],[2.7989,48.1683],[2.7463,48.1638],[2.7536,48.1532],[2.7065,48.1248],[2.5381,48.1407],[2.4511,48.1235],[2.4443,48.1315],[2.4784,48.1567],[2.5168,48.1668],[2.5229,48.2005],[2.5062,48.2385],[2.4319,48.2551],[2.4208,48.2993],[2.3936,48.3309],[2.4256,48.3372],[2.4298,48.362],[2.4826,48.3956],[2.5346,48.4042],[2.5048,48.4394],[2.5019,48.4848],[2.5154,48.5044],[2.501,48.5462],[2.5438,48.6039],[2.5182,48.6271],[2.5424,48.6355],[2.5448,48.6712],[2.5854,48.6794],[2.5717,48.692]]]}},{"type":"Feature","properties":{"code":"84","nom":"Vaucluse"},"geometry":{"type":"MultiPolygon","coordinates":[[[[4.8881,44.3317],[4.8796,44.3453],[4.9185,44.4078],[4.9704,44.4314],[5.0188,44.416],[5.0158,44.3928],[5.0709,44.3832],[5.027,44.3628],[4.9873,44.2932],[4.8895,44.3042],[4.8881,44.3317]]],[[[5.4988,44.1157],[5.5026,44.0634],[5.5446,44.0699],[5.5121,43.946],[5.5676,43.9426],[5.6071,43.9138],[5.5497,43.8512],[5.5445,43.8182],[5.6544,43.8251],[5.7573,43.7294],[5.7174,43.6935],[5.6741,43.6935],[5.6069,43.6587],[5.5315,43.659],[5.308,43.738],[5.23,43.7477],[5.188,43.7351],[5.0515,43.7879],[5.0295,43.8278],[4.9663,43.8716],[4.8531,43.9114],[4.7391,43.9241],[4.808,43.96],[4.816,43.9888],[4.8421,43.9865],[4.8433,44.0099],[4.7549,44.0883],[4.7301,44.079],[4.7075,44.1037],[4.7221,44.1874],[4.7018,44.2161],[4.6727,44.2168],[4.6784,44.2294],[4.6492,44.2704],[4.6506,44.3298],[4.7825,44.3156],[4.8267,44.2283],[4.8738,44.2593],[4.9355,44.2643],[5.0606,44.3081],[5.0765,44.2841],[5.1079,44.2804],[5.1664,44.3149],[5.1475,44.2695],[5.1616,44.2456],[5.1517,44.2377],[5.1735,44.222],[5.2381,44.2132],[5.2405,44.2308],[5.2565,44.2301],[5.3037,44.206],[5.354,44.2134],[5.3845,44.201],[5.3832,44.1553],[5.4358,44.1522],[5.4493,44.1246],[5.4988,44.1157]]]]}},{"type":"Feature","properties":{"code":"86","nom":"Vienne"},"geometry":{"type":"Polygon","coordinates":[[[-0.1021,47.0648],[-0.0859,47.101],[-0.0356,47.0863],[-0.034,47.1273],[0.019,47.1758],[0.0784,47.1463],[0.0764,47.1239],[0.1237,47.1283],[0.1613,47.1008],[0.1815,47.1144],[0.201,47.0913],[0.1742,47.0713],[0.18,47.0592],[0.2617,47.0701],[0.2677,47.0439],[0.307,47.0487],[0.3007,46.9738],[0.3248,46.9307],[0.3665,46.9496],[0.4387,46.9296],[0.5061,46.9592],[0.5983,46.9568],[0.6012,46.9731],[0.5738,46.9833],[0.5906,47.0067],[0.6926,46.9743],[0.7043,46.9033],[0.7688,46.8507],[0.7903,46.8524],[0.8119,46.7945],[0.901,46.7361],[0.925,46.7],[0.9022,46.6792],[0.9174,46.6504],[0.8964,46.6335],[0.9099,46.6034],[0.942,46.5808],[1.0148,46.5678],[1.0206,46.5371],[1.1083,46.5315],[1.1459,46.5064],[1.135,46.4953],[1.153,46.473],[1.1355,46.4709],[1.1516,46.4492],[1.186,46.4411],[1.1834,46.4292],[1.2127,46.4322],[1.1272,46.3478],[1.0502,46.3628],[1.027,46.343],[1.0059,46.281],[0.9073,46.2853],[0.8614,46.2616],[0.8519,46.236],[0.816,46.2285],[0.7963,46.211],[0.8366,46.1768],[0.8323,46.1498],[0.8448,46.1401],[0.8234,46.1286],[0.7126,46.1396],[0.6841,46.1193],[0.6874,46.0973],[0.6086,46.0897],[0.6034,46.0767],[0.54,46.0856],[0.4925,46.136],[0.4433,46.1016],[0.4806,46.0654],[0.4138,46.049],[0.3911,46.0663],[0.2798,46.061],[0.1974,46.0956],[0.1911,46.1123],[0.2204,46.158],[0.1737,46.1508],[0.1077,46.1861],[0.1128,46.2109],[0.1434,46.2301],[0.1288,46.2672],[0.1723,46.2786],[0.1601,46.2936],[0.1774,46.3281],[0.1243,46.3484],[0.0782,46.3049],[0.0158,46.3261],[0.0342,46.3735],[-0.009,46.3911],[-0.0123,46.4707],[-0.0433,46.4725],[-0.0314,46.525],[-0.0072,46.5233],[0.0067,46.5428],[-0.008,46.5675],[0.0427,46.5912],[0.026,46.5947],[0.0229,46.6142],[-0.0115,46.6192],[0.0008,46.6431],[-0.0658,46.6228],[-0.0334,46.6537],[-0.0404,46.6637],[-0.0069,46.6829],[-0.0181,46.6892],[0.0007,46.7162],[0.0383,46.7316],[-0.0225,46.7694],[0.0063,46.8089],[-0.0457,46.8321],[-0.0078,46.8475],[0.0173,46.8359],[0.0342,46.8539],[-0.0354,46.8748],[-0.009,46.9075],[-0.0463,46.9665],[-0.0333,46.9799],[-0.0547,46.9946],[-0.0863,46.9853],[-0.0937,47.0102],[-0.0786,47.0099],[-0.1021,47.0648]]]}},{"type":"Feature","properties":{"code":"94","nom":"Val-de-Marne"},"geometry":{"type":"Polygon","coordinates":[[[2.3319,48.817],[2.4627,48.8191],[2.4676,48.8331],[2.4477,48.8448],[2.4122,48.8345],[2.4163,48.8492],[2.4956,48.8608],[2.5923,48.8074],[2.5998,48.795],[2.5856,48.7786],[2.6137,48.761],[2.5983,48.7605],[2.5717,48.692],[2.5539,48.6883],[2.5035,48.7352],[2.3707,48.7202],[2.3694,48.7461],[2.3547,48.7386],[2.3102,48.757],[2.3319,48.817]]]}},{"type":"Feature","properties":{"code":"01","nom":"Ain"},"geometry":{"type":"Polygon","coordinates":[[[4.7802,46.1767],[4.8534,46.3299],[4.8515,46.3563],[4.94,46.5172],[4.9491,46.5014],[5.011,46.5103],[5.0524,46.4849],[5.2011,46.5082],[5.2151,46.4684],[5.3106,46.4468],[5.3148,46.4095],[5.377,46.3814],[5.363,46.3709],[5.3993,46.3395],[5.4047,46.3103],[5.4279,46.3422],[5.4378,46.3151],[5.4669,46.3233],[5.4568,46.2745],[5.4731,46.2651],[5.542,46.2702],[5.642,46.342],[5.6529,46.3232],[5.7147,46.3088],[5.7201,46.2659],[5.8498,46.2621],[5.9089,46.284],[5.9185,46.3072],[5.9414,46.3094],[6.0552,46.4148],[6.0982,46.4088],[6.1697,46.3679],[6.1026,46.2851],[6.1242,46.251],[6.0331,46.238],[5.9718,46.2115],[5.9637,46.197],[5.9922,46.1866],[5.9561,46.1321],[5.894,46.1195],[5.8914,46.0885],[5.8557,46.0868],[5.8323,46.106],[5.8114,46.0784],[5.8096,45.9898],[5.834,45.972],[5.8349,45.9521],[5.7869,45.823],[5.7762,45.7292],[5.7567,45.7087],[5.7041,45.7109],[5.7096,45.6888],[5.6871,45.6682],[5.6892,45.6485],[5.6316,45.6112],[5.5868,45.6653],[5.5452,45.6874],[5.5758,45.6918],[5.5273,45.7155],[5.4226,45.8071],[5.4349,45.8311],[5.3538,45.8833],[5.3092,45.8549],[5.2669,45.7894],[5.2211,45.7685],[5.1255,45.8111],[4.9238,45.804],[4.9012,45.8603],[4.909,45.8741],[4.8838,45.88],[4.8807,45.8972],[4.848,45.913],[4.8103,45.8976],[4.8059,45.9216],[4.7291,45.9491],[4.7546,45.9736],[4.7395,46.0472],[4.7617,46.0688],[4.7503,46.0941],[4.8024,46.1569],[4.7802,46.1767]]]}},{"type":"Feature","properties":{"code":"12","nom":"Aveyron"},"geometry":{"type":"Polygon","coordinates":[[[2.9817,44.6447],[3.0759,44.573],[3.0685,44.5035],[3.1357,44.4549],[3.1417,44.4285],[3.1267,44.414],[3.1406,44.3926],[3.1197,44.3834],[3.1211,44.3619],[3.1339,44.333],[3.1517,44.3324],[3.1543,44.3084],[3.1252,44.2845],[3.1242,44.2603],[3.1541,44.2732],[3.1638,44.2439],[3.2235,44.2302],[3.2066,44.1899],[3.295,44.2069],[3.3578,44.1979],[3.3723,44.1801],[3.3361,44.1587],[3.3244,44.1153],[3.2628,44.094],[3.2906,44.0717],[3.3289,44.079],[3.3518,44.0502],[3.3901,44.0535],[3.4508,44.0208],[3.4055,43.9703],[3.356,43.9462],[3.3584,43.9138],[3.3201,43.891],[3.2751,43.8984],[3.2431,43.8752],[3.249,43.8296],[3.1777,43.8138],[3.0649,43.8356],[3.0494,43.8038],[3.0759,43.7685],[3.0565,43.7553],[3.0607,43.6931],[2.9854,43.7085],[2.9355,43.6947],[2.9211,43.7361],[2.824,43.762],[2.7428,43.729],[2.6813,43.744],[2.5642,43.8413],[2.5797,43.8756],[2.5505,43.8965],[2.555,43.9214],[2.4993,43.9506],[2.5229,43.9813],[2.4942,43.9962],[2.4599,44.0514],[2.4102,44.0559],[2.3892,44.0935],[2.2906,44.1247],[2.2978,44.138],[2.2847,44.1453],[2.1865,44.1374],[2.2376,44.1586],[2.2069,44.1713],[2.1918,44.162],[2.1566,44.1799],[2.1525,44.1977],[2.1061,44.1944],[2.0974,44.1753],[2.0944,44.1876],[2.0521,44.1887],[2.0594,44.1723],[1.9902,44.1494],[1.9964,44.1601],[1.9771,44.1626],[1.9767,44.1799],[1.9415,44.1707],[1.8903,44.2076],[1.9316,44.2409],[1.9598,44.2411],[1.9704,44.2764],[1.8688,44.292],[1.8809,44.3035],[1.8596,44.3203],[1.9068,44.3649],[1.8744,44.3914],[1.843,44.4824],[1.9061,44.4999],[1.9099,44.4867],[1.9886,44.5512],[2.0341,44.5608],[2.0574,44.5829],[2.1346,44.5698],[2.1676,44.5903],[2.1936,44.5859],[2.2199,44.6236],[2.2084,44.6438],[2.2286,44.6551],[2.3268,44.6697],[2.3485,44.6415],[2.4832,44.6503],[2.4989,44.687],[2.5561,44.7213],[2.5627,44.7758],[2.5994,44.7928],[2.6027,44.8432],[2.731,44.9367],[2.7735,44.9151],[2.7684,44.8639],[2.8597,44.8745],[2.8897,44.7884],[2.9202,44.7943],[2.9345,44.7792],[2.9208,44.7657],[2.9233,44.7286],[2.9409,44.6838],[2.9817,44.6447]]]}},{"type":"Feature","properties":{"code":"13","nom":"Bouches-du-Rhône"},"geometry":{"type":"Polygon","coordinates":[[[4.7391,43.9241],[4.8531,43.9114],[4.9663,43.8716],[5.0295,43.8278],[5.0515,43.7879],[5.1733,43.7388],[5.308,43.738],[5.4881,43.6676],[5.6069,43.6587],[5.6741,43.6935],[5.7174,43.6935],[5.7536,43.7246],[5.7854,43.7135],[5.7928,43.6926],[5.8132,43.689],[5.7991,43.6605],[5.7232,43.6496],[5.6821,43.6137],[5.6916,43.5844],[5.656,43.5774],[5.7246,43.5509],[5.7018,43.491],[5.7519,43.4343],[5.7883,43.4203],[5.75,43.4015],[5.6828,43.3992],[5.705,43.3559],[5.6839,43.3181],[5.7266,43.3174],[5.7609,43.2673],[5.6839,43.2361],[5.6755,43.1874],[5.6172,43.1837],[5.6009,43.1625],[5.5369,43.2145],[5.5003,43.1968],[5.3456,43.2125],[5.376,43.2552],[5.3457,43.2824],[5.3621,43.322],[5.3173,43.3551],[5.2213,43.3284],[5.0539,43.3243],[5.019,43.3429],[5.0243,43.3556],[4.9876,43.3918],[5.0011,43.3982],[4.9314,43.4332],[4.8866,43.4129],[4.8674,43.4323],[4.8773,43.4105],[4.8668,43.4047],[4.8291,43.4283],[4.8615,43.4008],[4.8359,43.398],[4.8569,43.3709],[4.8737,43.3608],[4.9022,43.371],[4.855,43.3326],[4.7596,43.3499],[4.6618,43.3464],[4.5628,43.3721],[4.5627,43.3922],[4.593,43.4099],[4.5732,43.4373],[4.5347,43.4516],[4.2303,43.4602],[4.2381,43.4976],[4.3205,43.5255],[4.3095,43.5433],[4.3341,43.5355],[4.4607,43.5893],[4.4752,43.6083],[4.427,43.6207],[4.4872,43.6992],[4.5398,43.7073],[4.6277,43.6905],[4.6136,43.7298],[4.6512,43.7823],[4.6424,43.8314],[4.6663,43.8448],[4.6419,43.8675],[4.6905,43.8839],[4.7391,43.9241]],[[5.0178,43.4693],[5.0519,43.4636],[5.0704,43.4002],[5.1373,43.4002],[5.2301,43.4651],[5.2028,43.4912],[5.1497,43.457],[5.1087,43.5255],[5.0464,43.5221],[5.022,43.5562],[4.9985,43.4981],[5.0009,43.4741],[5.0178,43.4693]]]}},{"type":"Feature","properties":{"code":"16","nom":"Charente"},"geometry":{"type":"Polygon","coordinates":[[[-0.1029,45.9697],[-0.0414,45.9935],[-0.0455,46.0206],[-0.0215,46.0289],[-0.0394,46.0529],[0.0193,46.0528],[0.073,46.0939],[0.0997,46.0929],[0.093,46.1015],[0.1357,46.104],[0.1714,46.0829],[0.2197,46.0943],[0.2798,46.061],[0.3911,46.0663],[0.4138,46.049],[0.4451,46.0508],[0.4806,46.0654],[0.4433,46.1016],[0.4723,46.1301],[0.5064,46.1319],[0.54,46.0856],[0.6034,46.0767],[0.6086,46.0897],[0.6874,46.0973],[0.6841,46.1193],[0.7126,46.1396],[0.8234,46.1286],[0.812,46.1253],[0.8337,46.1064],[0.8147,46.0571],[0.8597,46.018],[0.8842,46.0319],[0.9256,46.0105],[0.9189,45.9971],[0.9456,45.9743],[0.921,45.9379],[0.8889,45.9257],[0.8121,45.9313],[0.8274,45.8827],[0.7822,45.8211],[0.7839,45.7917],[0.7164,45.8056],[0.7138,45.7722],[0.6525,45.7405],[0.6454,45.7175],[0.6323,45.7205],[0.5678,45.651],[0.5754,45.6409],[0.5158,45.6343],[0.5065,45.5539],[0.4657,45.5396],[0.4317,45.4856],[0.3636,45.476],[0.3308,45.4445],[0.3079,45.4609],[0.3019,45.446],[0.3179,45.4367],[0.2706,45.4204],[0.2503,45.3734],[0.2666,45.2977],[0.22,45.2898],[0.2048,45.264],[0.1751,45.2603],[0.1746,45.2393],[0.1455,45.2144],[0.0534,45.2269],[0.0043,45.1916],[0.0058,45.2214],[-0.0442,45.2479],[-0.1154,45.2481],[-0.1088,45.289],[-0.2267,45.3214],[-0.2606,45.2986],[-0.2838,45.3099],[-0.2779,45.3478],[-0.2503,45.3413],[-0.2463,45.354],[-0.3098,45.3737],[-0.3104,45.3861],[-0.2341,45.4092],[-0.2809,45.4742],[-0.2647,45.4707],[-0.242,45.5028],[-0.2674,45.5091],[-0.256,45.5153],[-0.2662,45.5251],[-0.3216,45.535],[-0.2967,45.5645],[-0.3871,45.6259],[-0.432,45.6246],[-0.4089,45.6562],[-0.3825,45.6598],[-0.4229,45.6856],[-0.4196,45.7216],[-0.4011,45.7348],[-0.46,45.7393],[-0.4618,45.7513],[-0.4022,45.773],[-0.4004,45.7867],[-0.3213,45.7845],[-0.2948,45.8053],[-0.2387,45.803],[-0.2217,45.7757],[-0.191,45.7899],[-0.1561,45.7795],[-0.1154,45.8707],[-0.1467,45.8978],[-0.1317,45.911],[-0.149,45.9252],[-0.097,45.9284],[-0.0864,45.95],[-0.1029,45.9697]]]}},{"type":"Feature","properties":{"code":"18","nom":"Cher"},"geometry":{"type":"Polygon","coordinates":[[[2.2392,47.621],[2.2862,47.629],[2.373,47.5855],[2.4373,47.6098],[2.4914,47.5683],[2.5632,47.5721],[2.6167,47.5409],[2.612,47.5264],[2.6559,47.5104],[2.6585,47.4879],[2.6844,47.483],[2.7274,47.4989],[2.7272,47.5359],[2.798,47.4968],[2.8746,47.5204],[2.8885,47.5094],[2.9307,47.4313],[2.8699,47.3382],[2.9834,47.2598],[2.9817,47.222],[3.0281,47.1291],[3.0232,47.0626],[3.0748,47.0298],[3.0629,46.9811],[3.0793,46.9551],[3.0503,46.9106],[3.0671,46.8478],[3.0321,46.7949],[2.9244,46.7945],[2.8454,46.7429],[2.8448,46.7268],[2.8011,46.7337],[2.7585,46.7177],[2.7373,46.7432],[2.705,46.7394],[2.6778,46.7046],[2.6314,46.6909],[2.6246,46.6573],[2.5722,46.6594],[2.5966,46.6372],[2.5691,46.6095],[2.5816,46.5932],[2.6023,46.5952],[2.615,46.5533],[2.5367,46.5197],[2.4991,46.5213],[2.4969,46.5337],[2.352,46.5122],[2.3242,46.4904],[2.3243,46.471],[2.3055,46.4754],[2.2858,46.4535],[2.281,46.4204],[2.1544,46.4341],[2.1517,46.458],[2.2044,46.4844],[2.1587,46.5573],[2.1732,46.5662],[2.1671,46.589],[2.1894,46.6421],[2.1431,46.6635],[2.1367,46.6773],[2.1554,46.6922],[2.087,46.7126],[2.0927,46.7243],[2.0658,46.7425],[2.1154,46.7744],[2.0488,46.8295],[2.0783,46.8389],[2.0965,46.8552],[2.0871,46.8675],[2.1262,46.8799],[2.1548,46.9116],[2.0707,46.934],[2.0702,46.9544],[2.1089,46.9972],[2.0334,47.0428],[2.0557,47.0717],[2.0533,47.1036],[2.0033,47.0942],[1.9967,47.127],[1.8827,47.102],[1.7746,47.1308],[1.8421,47.178],[1.8391,47.2193],[1.873,47.2053],[1.9041,47.2157],[1.9166,47.236],[1.8922,47.2488],[1.9408,47.2901],[1.997,47.2654],[2.0792,47.2854],[2.1256,47.2797],[2.1574,47.2996],[2.1145,47.3669],[2.0971,47.3668],[2.1017,47.3868],[2.117,47.4101],[2.1889,47.4378],[2.2052,47.4052],[2.2437,47.4148],[2.2477,47.4917],[2.1988,47.4871],[2.213,47.513],[2.1956,47.5486],[2.1313,47.5503],[2.1196,47.5829],[2.2392,47.621]]]}},{"type":"Feature","properties":{"code":"2B","nom":"Haute-Corse"},"geometry":{"type":"Polygon","coordinates":[[[9.4023,41.8587],[9.3719,41.865],[9.3091,41.8321],[9.3025,41.8442],[9.2369,41.8465],[9.2275,41.8556],[9.2522,41.899],[9.2184,41.9136],[9.2305,41.9323],[9.2155,41.942],[9.2211,42.0276],[9.1608,42.026],[9.1353,42.0511],[9.1197,42.1078],[9.0722,42.1302],[9.0457,42.2069],[9.0065,42.2088],[8.9048,42.2539],[8.8627,42.2969],[8.8613,42.3299],[8.7709,42.3248],[8.6408,42.3734],[8.5734,42.3814],[8.6088,42.3864],[8.6084,42.4168],[8.6481,42.4131],[8.6622,42.4263],[8.6482,42.4424],[8.6673,42.4449],[8.6798,42.4681],[8.6492,42.4743],[8.6665,42.5152],[8.7104,42.5237],[8.7228,42.5568],[8.711,42.5766],[8.7243,42.5841],[8.727,42.5616],[8.7878,42.5582],[8.8235,42.6062],[8.865,42.608],[8.9181,42.6369],[9.0207,42.6443],[9.0593,42.6601],[9.0591,42.6946],[9.0858,42.7146],[9.1669,42.7366],[9.2544,42.7185],[9.2844,42.6763],[9.3142,42.689],[9.3445,42.7378],[9.3426,42.7948],[9.311,42.8347],[9.3402,42.8655],[9.3222,42.8996],[9.356,42.927],[9.3409,42.9945],[9.4218,43.0117],[9.4636,42.9864],[9.4576,42.9491],[9.4924,42.8051],[9.4462,42.6736],[9.5332,42.5459],[9.5434,42.4285],[9.5334,42.3663],[9.5592,42.2717],[9.55,42.1042],[9.4126,41.9525],[9.4023,41.8587]]]}},{"type":"Feature","properties":{"code":"21","nom":"Côte-d'Or"},"geometry":{"type":"MultiPolygon","coordinates":[[[[4.116,47.1233],[4.1151,47.1462],[4.1906,47.1451],[4.1475,47.1139],[4.1268,47.1306],[4.116,47.1233]]],[[[4.2934,47.9257],[4.309,47.9612],[4.5533,47.9677],[4.5552,47.9858],[4.5358,48.0012],[4.5827,48.0295],[4.7891,48.0078],[4.8092,47.9901],[4.7865,47.9642],[4.841,47.9608],[4.8661,47.9405],[4.8289,47.9151],[4.857,47.8959],[4.8693,47.9174],[4.8945,47.9228],[4.9282,47.8711],[4.9541,47.8668],[4.9622,47.8397],[4.9941,47.8197],[4.9824,47.8004],[4.9183,47.7773],[4.9599,47.7545],[4.9707,47.7276],[4.9571,47.7094],[4.9791,47.6878],[5.0263,47.7095],[5.0328,47.6923],[5.0606,47.6948],[5.0436,47.6765],[5.1089,47.6497],[5.1793,47.6793],[5.1738,47.6616],[5.1886,47.6496],[5.2392,47.6161],[5.2505,47.6221],[5.2529,47.577],[5.3223,47.6124],[5.3548,47.5914],[5.3706,47.6048],[5.3998,47.5972],[5.4259,47.6321],[5.4402,47.6303],[5.4708,47.6084],[5.4969,47.5441],[5.4471,47.4963],[5.3992,47.499],[5.3871,47.4808],[5.4076,47.4772],[5.3766,47.4647],[5.3798,47.4507],[5.4065,47.4618],[5.4392,47.4501],[5.435,47.4005],[5.4514,47.3841],[5.4969,47.3901],[5.4928,47.3321],[5.4722,47.317],[5.5185,47.3042],[5.5047,47.2857],[5.4883,47.2893],[5.4766,47.216],[5.4457,47.1996],[5.4567,47.1908],[5.4486,47.1597],[5.386,47.082],[5.3222,47.073],[5.2829,47.0452],[5.2753,47.0269],[5.3101,47.018],[5.2552,46.9799],[5.222,46.9889],[5.1063,46.9558],[5.0493,46.9816],[4.9838,46.9593],[4.8961,46.9662],[4.7806,46.9182],[4.7445,46.9244],[4.6855,46.9009],[4.6645,46.9142],[4.6792,46.9291],[4.6009,46.9499],[4.5538,46.991],[4.5578,47.0164],[4.5122,47.0118],[4.4063,47.05],[4.4158,47.0779],[4.383,47.0831],[4.3534,47.064],[4.3494,47.0969],[4.2596,47.1143],[4.2098,47.1554],[4.2307,47.1989],[4.2201,47.216],[4.178,47.2503],[4.1355,47.2374],[4.1247,47.2516],[4.1146,47.2926],[4.142,47.3534],[4.1135,47.3347],[4.0979,47.3553],[4.1066,47.3759],[4.0879,47.3723],[4.0762,47.3835],[4.0894,47.3915],[4.0669,47.4011],[4.0837,47.4332],[4.1194,47.4436],[4.1302,47.4714],[4.1155,47.515],[4.1751,47.5533],[4.2124,47.628],[4.2491,47.6595],[4.2261,47.6707],[4.2684,47.6814],[4.2675,47.7055],[4.2395,47.7244],[4.3273,47.7534],[4.3403,47.7996],[4.3206,47.8111],[4.3288,47.8407],[4.261,47.8439],[4.2646,47.8737],[4.2474,47.8738],[4.2773,47.8994],[4.3111,47.9039],[4.2934,47.9257]]]]}},{"type":"Feature","properties":{"code":"26","nom":"Drôme"},"geometry":{"type":"Polygon","coordinates":[[[4.8005,45.2984],[4.8588,45.309],[4.8802,45.2975],[4.9892,45.344],[5.0096,45.3422],[5.0206,45.3194],[5.0543,45.3191],[5.0754,45.2818],[5.1385,45.2962],[5.1214,45.2483],[5.1765,45.2484],[5.2017,45.2174],[5.1675,45.2102],[5.1917,45.1546],[5.1874,45.1208],[5.1427,45.0807],[5.1635,45.066],[5.1794,45.0833],[5.2082,45.0842],[5.2663,45.0598],[5.3348,45.0608],[5.3884,45.0361],[5.4594,45.0844],[5.483,45.0838],[5.4888,45.0731],[5.4662,45.0537],[5.4888,44.9902],[5.4638,44.826],[5.4837,44.8232],[5.4642,44.7924],[5.5821,44.7777],[5.644,44.7316],[5.759,44.6961],[5.8271,44.7003],[5.7906,44.6533],[5.7539,44.6627],[5.726,44.6394],[5.6417,44.6511],[5.6496,44.6179],[5.5973,44.5433],[5.6645,44.5019],[5.6298,44.5012],[5.6036,44.4655],[5.4654,44.5005],[5.4587,44.4661],[5.4936,44.4282],[5.4185,44.4249],[5.443,44.3912],[5.4351,44.3771],[5.4931,44.3372],[5.5135,44.3475],[5.5491,44.3304],[5.6269,44.3348],[5.6079,44.3067],[5.6378,44.2997],[5.6468,44.2671],[5.6866,44.2669],[5.6726,44.2457],[5.6864,44.1972],[5.6516,44.1896],[5.6437,44.1726],[5.6827,44.1632],[5.6786,44.1461],[5.6311,44.1506],[5.6396,44.1676],[5.6021,44.1915],[5.5762,44.188],[5.5644,44.1709],[5.583,44.1576],[5.533,44.1301],[5.4547,44.1192],[5.4369,44.1428],[5.3905,44.1534],[5.383,44.1988],[5.354,44.2134],[5.3037,44.206],[5.2565,44.2301],[5.2405,44.2308],[5.2381,44.2132],[5.1549,44.2309],[5.1497,44.2821],[5.1727,44.3094],[5.1079,44.2804],[5.0765,44.2841],[5.0606,44.3081],[4.9355,44.2643],[4.8738,44.2593],[4.8267,44.2283],[4.7825,44.3156],[4.6506,44.3298],[4.6674,44.4307],[4.6987,44.4523],[4.6882,44.5055],[4.707,44.5308],[4.6924,44.5559],[4.7412,44.5888],[4.7791,44.6547],[4.7619,44.7694],[4.8225,44.8171],[4.8198,44.8348],[4.8413,44.8426],[4.8579,44.9032],[4.8866,44.9367],[4.8377,45.0048],[4.8403,45.0358],[4.8608,45.0554],[4.8316,45.0703],[4.8274,45.1021],[4.8045,45.1219],[4.8244,45.1484],[4.8048,45.194],[4.8005,45.2984]],[[4.8881,44.3317],[4.8895,44.3042],[4.9786,44.2975],[5.0134,44.3261],[5.0217,44.3567],[5.0716,44.3775],[5.0158,44.3928],[5.0188,44.416],[4.9704,44.4314],[4.9185,44.4078],[4.9066,44.3741],[4.8754,44.3514],[4.8881,44.3317]]]}},{"type":"Feature","properties":{"code":"31","nom":"Haute-Garonne"},"geometry":{"type":"Polygon","coordinates":[[[0.954,43.7874],[1.0853,43.8145],[1.1149,43.7978],[1.1446,43.8223],[1.1796,43.7957],[1.2129,43.7929],[1.2192,43.7708],[1.2749,43.7858],[1.2669,43.7986],[1.3609,43.8211],[1.348,43.8382],[1.2968,43.8471],[1.3626,43.8572],[1.3484,43.8698],[1.3656,43.8893],[1.4479,43.8736],[1.4747,43.9021],[1.4908,43.889],[1.5556,43.9183],[1.5466,43.9025],[1.5726,43.8488],[1.5932,43.8431],[1.588,43.8203],[1.6448,43.8003],[1.6499,43.7519],[1.7064,43.7162],[1.6653,43.7015],[1.7206,43.6882],[1.7309,43.6634],[1.6953,43.6436],[1.6967,43.6208],[1.8392,43.5758],[1.8511,43.5503],[1.917,43.5016],[1.996,43.4805],[2.0111,43.483],[2.0151,43.5044],[2.0464,43.5051],[2.0479,43.4855],[2.0181,43.4703],[2.0393,43.4243],[1.9956,43.4117],[1.9295,43.4228],[1.8961,43.3964],[1.895,43.4186],[1.8587,43.4438],[1.8171,43.4099],[1.8227,43.3933],[1.8098,43.3945],[1.8043,43.3586],[1.8166,43.3494],[1.7238,43.3297],[1.7341,43.3231],[1.7041,43.3027],[1.7145,43.2947],[1.6884,43.2736],[1.6748,43.2812],[1.6458,43.2382],[1.6351,43.2371],[1.6372,43.2551],[1.5706,43.275],[1.565,43.2533],[1.5475,43.2757],[1.5187,43.2692],[1.5176,43.2894],[1.4902,43.2718],[1.5046,43.2213],[1.4479,43.2129],[1.4176,43.2278],[1.4254,43.2566],[1.4115,43.2703],[1.3436,43.3156],[1.324,43.3094],[1.2933,43.2853],[1.2971,43.2624],[1.3307,43.2626],[1.3319,43.2488],[1.3832,43.2295],[1.3146,43.19],[1.2321,43.1883],[1.219,43.1532],[1.2689,43.1465],[1.302,43.124],[1.2657,43.1095],[1.2619,43.0917],[1.2236,43.0861],[1.2087,43.118],[1.1241,43.1569],[1.0589,43.1418],[1.0388,43.1005],[1.0117,43.1095],[0.9923,43.098],[1.0052,43.0807],[0.9852,43.0671],[0.9867,43.0275],[1.0189,43.0104],[0.9502,42.9661],[0.8749,42.9578],[0.876,42.9269],[0.8324,42.92],[0.8583,42.8257],[0.7084,42.8614],[0.6783,42.855],[0.659,42.8385],[0.6697,42.8021],[0.6513,42.7866],[0.6642,42.7717],[0.6474,42.7517],[0.679,42.7228],[0.6706,42.6899],[0.5973,42.7058],[0.5868,42.695],[0.4778,42.7],[0.4846,42.7103],[0.4551,42.7281],[0.4726,42.8708],[0.5598,42.8613],[0.6061,42.9344],[0.6455,42.9621],[0.6188,42.9724],[0.6082,43.0336],[0.531,43.0033],[0.5379,43.0416],[0.5627,43.0358],[0.5639,43.0742],[0.4532,43.1112],[0.4639,43.1178],[0.442,43.1313],[0.5216,43.192],[0.5058,43.1997],[0.5174,43.2124],[0.571,43.2178],[0.5728,43.2331],[0.5516,43.2361],[0.6328,43.2927],[0.6068,43.3109],[0.6746,43.3295],[0.7176,43.3766],[0.7337,43.371],[0.7537,43.3894],[0.7569,43.4163],[0.8063,43.4],[0.8205,43.417],[0.9172,43.4063],[0.9643,43.3865],[0.9781,43.3627],[0.9927,43.3668],[0.9938,43.408],[1.0228,43.4117],[1.019,43.4308],[1.0417,43.4606],[1.0182,43.4733],[1.0687,43.5052],[1.0538,43.5193],[1.0707,43.5251],[1.0718,43.5464],[1.0971,43.5332],[1.164,43.5724],[1.1993,43.5692],[1.2013,43.5948],[1.181,43.614],[1.1646,43.6041],[1.1427,43.6217],[1.1475,43.6342],[1.0877,43.645],[1.1014,43.6606],[1.051,43.6778],[1.0642,43.7028],[0.9873,43.7424],[0.954,43.7874]]]}},{"type":"Feature","properties":{"code":"32","nom":"Gers"},"geometry":{"type":"Polygon","coordinates":[[[0.076,43.9831],[0.1264,44.0003],[0.141,43.9947],[0.1386,43.9748],[0.1591,43.9739],[0.1896,44.0146],[0.2247,44.0192],[0.3041,43.9931],[0.3179,43.995],[0.3165,44.0101],[0.3815,44.0064],[0.4424,44.0288],[0.4595,44.0552],[0.539,44.0537],[0.598,44.0782],[0.6666,44.0251],[0.7078,44.058],[0.7489,44.0657],[0.7655,44.0302],[0.8274,44.0553],[0.8604,44.0408],[0.8224,44.0284],[0.8277,43.9996],[0.7625,43.9312],[0.8629,43.9233],[0.9046,43.899],[0.8835,43.8753],[0.9127,43.8485],[0.8954,43.8403],[0.9259,43.8316],[0.8972,43.7906],[0.954,43.7874],[1.0294,43.7101],[1.0642,43.7028],[1.0519,43.6827],[1.1014,43.6606],[1.0877,43.645],[1.1408,43.6411],[1.1581,43.6056],[1.181,43.614],[1.2013,43.5948],[1.1993,43.5692],[1.164,43.5724],[1.0971,43.5332],[1.0718,43.5464],[1.063,43.5364],[1.0752,43.5287],[1.0578,43.527],[1.0687,43.5052],[1.0182,43.4733],[1.0417,43.4606],[1.019,43.4308],[1.0228,43.4117],[0.9938,43.408],[1.0025,43.3771],[0.9781,43.3627],[0.9643,43.3865],[0.9172,43.4063],[0.8205,43.417],[0.8063,43.4],[0.7569,43.4163],[0.7337,43.371],[0.7176,43.3766],[0.6404,43.3136],[0.445,43.3403],[0.443,43.3279],[0.4135,43.3291],[0.3883,43.3562],[0.3318,43.3432],[0.3277,43.371],[0.3009,43.3718],[0.2986,43.3884],[0.2326,43.3678],[0.182,43.3712],[0.1738,43.4028],[0.1539,43.3993],[0.1396,43.4207],[0.138,43.4329],[0.166,43.4427],[0.1309,43.474],[0.1121,43.5174],[0.0561,43.5188],[0.0158,43.5434],[-0.0158,43.6047],[-0.074,43.6063],[-0.0772,43.5902],[-0.1089,43.5824],[-0.1604,43.5806],[-0.1764,43.5964],[-0.235,43.5834],[-0.2472,43.616],[-0.2777,43.6162],[-0.2821,43.6431],[-0.2638,43.6359],[-0.2432,43.6545],[-0.2476,43.7058],[-0.1941,43.737],[-0.2189,43.7509],[-0.2079,43.7606],[-0.2271,43.8083],[-0.1925,43.8102],[-0.2089,43.8577],[-0.191,43.8752],[-0.2339,43.8911],[-0.2276,43.911],[-0.1791,43.9379],[-0.1656,43.9276],[-0.1259,43.9444],[-0.1023,43.9274],[-0.0983,43.9424],[-0.0465,43.961],[-0.0362,43.9837],[0.0014,43.9599],[-0.0136,43.9236],[0.0592,43.8979],[0.0766,43.9165],[0.0575,43.9491],[0.076,43.9831]]]}},{"type":"Feature","properties":{"code":"34","nom":"Hérault"},"geometry":{"type":"Polygon","coordinates":[[[3.3584,43.9138],[3.4245,43.9116],[3.4403,43.8968],[3.4352,43.863],[3.5133,43.8962],[3.5307,43.8556],[3.5779,43.8439],[3.5994,43.8547],[3.5754,43.8655],[3.6236,43.917],[3.6464,43.901],[3.7069,43.9614],[3.7873,43.9669],[3.7958,43.9425],[3.8203,43.9424],[3.8061,43.8779],[3.8308,43.8664],[3.9174,43.8856],[3.9192,43.8663],[3.9794,43.8429],[3.9612,43.8057],[4.0238,43.8033],[4.054,43.7722],[4.1448,43.7339],[4.191,43.6392],[4.1502,43.5856],[4.0989,43.5852],[4.101,43.5544],[3.9686,43.54],[3.8864,43.5069],[3.7967,43.441],[3.7249,43.4158],[3.723,43.4011],[3.6461,43.3848],[3.511,43.2733],[3.4035,43.2879],[3.2406,43.2128],[3.201,43.2492],[3.1602,43.2432],[3.0549,43.2797],[3.0159,43.2764],[3.0044,43.3201],[2.945,43.3125],[2.8867,43.3299],[2.8678,43.3822],[2.8562,43.3741],[2.8683,43.3296],[2.8127,43.3235],[2.8182,43.3094],[2.7869,43.2735],[2.7525,43.2546],[2.7074,43.2735],[2.6995,43.3125],[2.6164,43.2894],[2.589,43.3287],[2.54,43.3462],[2.5552,43.3883],[2.5935,43.4126],[2.5658,43.423],[2.6061,43.4311],[2.6462,43.4591],[2.6379,43.4652],[2.6646,43.4636],[2.6586,43.5258],[2.6156,43.5666],[2.6318,43.5841],[2.6146,43.5999],[2.6433,43.6501],[2.7112,43.6456],[2.7545,43.6141],[2.9074,43.6542],[2.9355,43.6947],[2.9854,43.7085],[3.0607,43.6931],[3.0692,43.7068],[3.0531,43.7462],[3.0759,43.7685],[3.0494,43.8038],[3.0599,43.8316],[3.1507,43.8138],[3.2227,43.8178],[3.249,43.8296],[3.2345,43.8576],[3.2631,43.8928],[3.3426,43.8942],[3.3584,43.9138]]]}},{"type":"Feature","properties":{"code":"43","nom":"Haute-Loire"},"geometry":{"type":"Polygon","coordinates":[[[3.8974,45.3571],[3.9169,45.3394],[3.9374,45.372],[3.9796,45.3751],[4.0161,45.3286],[4.0433,45.3559],[4.0624,45.3391],[4.1214,45.3691],[4.154,45.3646],[4.1444,45.3841],[4.1779,45.3926],[4.2445,45.3849],[4.2847,45.3566],[4.3318,45.3683],[4.3665,45.337],[4.3319,45.3181],[4.3691,45.3003],[4.3497,45.2803],[4.3625,45.2644],[4.3864,45.2556],[4.4366,45.2727],[4.4896,45.2248],[4.4473,45.157],[4.4573,45.119],[4.4377,45.1217],[4.437,45.1095],[4.4227,45.1373],[4.3766,45.1444],[4.3702,45.1303],[4.3996,45.1048],[4.3599,45.0996],[4.3464,45.0746],[4.3817,45.0416],[4.2972,45.017],[4.2898,44.9973],[4.3132,44.9796],[4.2217,44.9613],[4.2159,44.9327],[4.1562,44.8733],[4.0396,44.8732],[4.0284,44.8341],[4.0042,44.8361],[3.9957,44.8213],[3.98,44.8301],[3.9886,44.8153],[3.9456,44.8244],[3.9181,44.7756],[3.8625,44.7439],[3.8366,44.7478],[3.8429,44.7677],[3.8301,44.7757],[3.8121,44.766],[3.7588,44.8056],[3.7406,44.8387],[3.6664,44.8288],[3.6595,44.8699],[3.6423,44.8784],[3.5943,44.8754],[3.5785,44.8257],[3.4788,44.8094],[3.418,44.9008],[3.4046,44.9564],[3.3479,44.9739],[3.3699,45.0006],[3.3304,45.0079],[3.3372,45.0253],[3.3106,45.0213],[3.2972,45.0361],[3.3143,45.085],[3.2875,45.089],[3.2833,45.1038],[3.3258,45.0951],[3.3481,45.1009],[3.3458,45.1125],[3.288,45.1204],[3.2624,45.1683],[3.2725,45.2092],[3.2396,45.2169],[3.2225,45.272],[3.1678,45.2702],[3.1597,45.2952],[3.0823,45.2897],[3.1138,45.3091],[3.0906,45.3229],[3.1134,45.3272],[3.1035,45.3544],[3.1681,45.3523],[3.2187,45.3695],[3.2366,45.3945],[3.2907,45.4018],[3.2957,45.4181],[3.3243,45.4064],[3.359,45.421],[3.42,45.3972],[3.5013,45.4276],[3.5209,45.4024],[3.5706,45.4021],[3.5903,45.3572],[3.6186,45.3377],[3.6799,45.3842],[3.6999,45.3595],[3.7408,45.353],[3.7826,45.3549],[3.7999,45.3904],[3.8377,45.3657],[3.8974,45.3571]]]}},{"type":"Feature","properties":{"code":"44","nom":"Loire-Atlantique"},"geometry":{"type":"Polygon","coordinates":[[[-1.1486,47.0295],[-1.2028,47.0418],[-1.2712,47.0839],[-1.2903,47.0702],[-1.2946,47.0395],[-1.3786,47.0309],[-1.3591,46.9811],[-1.373,46.9522],[-1.4561,46.9263],[-1.4716,46.9336],[-1.4572,46.9547],[-1.4759,46.9838],[-1.4602,46.993],[-1.4919,47.0418],[-1.5523,47.0183],[-1.5411,46.9559],[-1.5201,46.939],[-1.5444,46.923],[-1.5008,46.8839],[-1.5465,46.8738],[-1.5485,46.8601],[-1.7203,46.8846],[-1.7511,46.9296],[-1.831,46.932],[-1.8254,46.9469],[-1.8945,46.9599],[-1.9177,46.9924],[-1.9432,46.9947],[-2.0486,47.0864],[-2.2478,47.134],[-2.1671,47.1662],[-2.1584,47.2091],[-2.1779,47.2361],[-2.17,47.2685],[-2.1874,47.2806],[-2.3016,47.2364],[-2.3698,47.2774],[-2.4475,47.2618],[-2.5443,47.2901],[-2.5138,47.2984],[-2.5029,47.3288],[-2.5212,47.3588],[-2.5589,47.3746],[-2.4727,47.4161],[-2.4347,47.4132],[-2.4585,47.4481],[-2.423,47.4771],[-2.3999,47.456],[-2.3129,47.4645],[-2.2965,47.5161],[-2.263,47.5129],[-2.2443,47.4936],[-2.1846,47.5119],[-2.1833,47.4917],[-2.1637,47.4905],[-2.156,47.522],[-2.0968,47.5403],[-2.1037,47.5894],[-2.0869,47.6028],[-2.0899,47.6427],[-1.9744,47.6939],[-1.9538,47.6723],[-1.864,47.707],[-1.7134,47.6993],[-1.6455,47.7215],[-1.6261,47.7566],[-1.5934,47.776],[-1.4684,47.8059],[-1.4818,47.8319],[-1.3904,47.8283],[-1.3529,47.7977],[-1.2459,47.7767],[-1.2417,47.7429],[-1.2557,47.7426],[-1.2402,47.7262],[-1.1951,47.7215],[-1.1749,47.6946],[-1.1829,47.6695],[-1.1423,47.6257],[-1.0069,47.5891],[-1.0459,47.5634],[-1.1724,47.573],[-1.1783,47.548],[-1.1525,47.5425],[-1.1659,47.5336],[-1.1572,47.5101],[-1.039,47.5053],[-0.9591,47.4816],[-0.9491,47.4016],[-0.9674,47.3768],[-1.1676,47.3659],[-1.2999,47.3376],[-1.3542,47.3042],[-1.2946,47.301],[-1.2386,47.2421],[-1.181,47.2408],[-1.1881,47.2198],[-1.1634,47.1855],[-1.1759,47.1631],[-1.2352,47.1388],[-1.2312,47.11],[-1.248,47.1001],[-1.1703,47.093],[-1.154,47.0719],[-1.1155,47.0626],[-1.117,47.0401],[-1.1486,47.0295]]]}},{"type":"Feature","properties":{"code":"46","nom":"Lot"},"geometry":{"type":"Polygon","coordinates":[[[1.4483,45.0193],[1.5357,45.0463],[1.5437,45.0308],[1.63,45.0336],[1.7027,44.9878],[1.711,44.9673],[1.8009,44.9242],[1.8874,44.9566],[1.9082,44.9784],[1.9391,44.9732],[1.951,44.9532],[1.9854,44.9745],[2.0629,44.9765],[2.1081,44.9106],[2.0837,44.8874],[2.1658,44.8129],[2.1667,44.7727],[2.1494,44.7698],[2.1522,44.7367],[2.1301,44.6985],[2.1553,44.7002],[2.1792,44.6744],[2.1694,44.6381],[2.2075,44.6155],[2.1936,44.5859],[2.1676,44.5903],[2.1346,44.5698],[2.0574,44.5829],[1.913,44.5052],[1.9099,44.4867],[1.8903,44.5059],[1.8852,44.4861],[1.843,44.4824],[1.8466,44.4446],[1.8732,44.4241],[1.871,44.3977],[1.9053,44.3505],[1.827,44.3243],[1.7833,44.3279],[1.7819,44.3145],[1.7374,44.327],[1.6629,44.2928],[1.6371,44.2985],[1.6516,44.2868],[1.6423,44.2708],[1.6157,44.2784],[1.6169,44.2975],[1.5771,44.3016],[1.5778,44.2845],[1.5625,44.2797],[1.5872,44.249],[1.5418,44.2278],[1.5088,44.2736],[1.4732,44.2842],[1.4536,44.2541],[1.3568,44.204],[1.3364,44.2282],[1.2814,44.2358],[1.3041,44.263],[1.3036,44.2938],[1.25,44.2729],[1.1104,44.3231],[1.1134,44.3389],[1.0812,44.3544],[1.1274,44.373],[1.1325,44.3933],[1.0641,44.3785],[1.0514,44.3921],[1.0575,44.4277],[1.0247,44.443],[1.023,44.4754],[1.009,44.48],[1.0162,44.5059],[0.9818,44.5439],[1.0751,44.5773],[1.1032,44.5717],[1.1076,44.604],[1.1538,44.6394],[1.1467,44.6703],[1.2246,44.6843],[1.316,44.7404],[1.3228,44.7651],[1.2962,44.7778],[1.3043,44.7885],[1.3641,44.8116],[1.3614,44.8408],[1.4419,44.8776],[1.4135,44.9118],[1.4424,44.9165],[1.4133,44.9994],[1.4483,45.0193]]]}},{"type":"Feature","properties":{"code":"49","nom":"Maine-et-Loire"},"geometry":{"type":"Polygon","coordinates":[[[-1.2459,47.7767],[-1.2382,47.81],[-1.1426,47.7744],[-1.1226,47.7842],[-0.9787,47.762],[-0.9509,47.7681],[-0.971,47.7856],[-0.9607,47.7961],[-0.8393,47.7523],[-0.84,47.7681],[-0.8161,47.7712],[-0.7417,47.7381],[-0.6538,47.7334],[-0.6108,47.7357],[-0.5848,47.7584],[-0.5329,47.7508],[-0.5221,47.784],[-0.4546,47.7565],[-0.41,47.7652],[-0.415,47.7763],[-0.3856,47.7691],[-0.3585,47.7321],[-0.3658,47.7161],[-0.2476,47.7067],[-0.2024,47.7252],[-0.1823,47.7129],[-0.2155,47.6959],[-0.1932,47.6479],[-0.135,47.6325],[-0.1133,47.635],[-0.0946,47.6623],[-0.02,47.6371],[-0.0045,47.6477],[0.017,47.6211],[0.1157,47.6057],[0.1516,47.5815],[0.1849,47.5995],[0.1858,47.6165],[0.2241,47.6123],[0.2345,47.578],[0.2015,47.5443],[0.2249,47.5271],[0.1809,47.4534],[0.1853,47.4247],[0.1539,47.3987],[0.183,47.3803],[0.1417,47.362],[0.148,47.3484],[0.079,47.2828],[0.0725,47.2205],[0.0533,47.1972],[0.0631,47.1753],[0.0365,47.1604],[0.019,47.1758],[-0.0107,47.1575],[-0.0409,47.1129],[-0.0265,47.1058],[-0.0356,47.0863],[-0.0859,47.101],[-0.1021,47.0648],[-0.1284,47.0544],[-0.1785,47.0698],[-0.1413,47.1037],[-0.1848,47.1083],[-0.2061,47.0933],[-0.2415,47.1057],[-0.3963,47.0878],[-0.4008,47.0708],[-0.4643,47.0676],[-0.4763,47.0544],[-0.4855,47.0652],[-0.464,47.0749],[-0.4953,47.0824],[-0.5595,47.0619],[-0.5422,47.0351],[-0.5955,46.998],[-0.6761,47.0001],[-0.6802,46.9877],[-0.7131,46.9861],[-0.7876,47.0051],[-0.892,46.9758],[-0.9335,47.0089],[-0.9584,46.9949],[-1.0004,47.0208],[-1.0159,47.0041],[-1.1431,47.0248],[-1.117,47.0401],[-1.1155,47.0626],[-1.154,47.0719],[-1.1703,47.093],[-1.248,47.1001],[-1.2258,47.1194],[-1.2352,47.1388],[-1.1632,47.1778],[-1.1881,47.2198],[-1.181,47.2408],[-1.2081,47.2527],[-1.2386,47.2421],[-1.2946,47.301],[-1.3542,47.3042],[-1.2999,47.3376],[-1.1377,47.3682],[-1.0179,47.3651],[-0.9464,47.3865],[-0.9675,47.4928],[-1.1572,47.5101],[-1.1659,47.5336],[-1.1525,47.5425],[-1.1783,47.548],[-1.1724,47.573],[-1.0459,47.5634],[-1.0069,47.5891],[-1.1382,47.6195],[-1.1599,47.6604],[-1.1829,47.6695],[-1.1749,47.6946],[-1.1951,47.7215],[-1.2546,47.7336],[-1.2385,47.7554],[-1.2459,47.7767]]]}},{"type":"Feature","properties":{"code":"50","nom":"Manche"},"geometry":{"type":"Polygon","coordinates":[[[-1.1196,49.3556],[-1.1135,49.3279],[-1.1395,49.3099],[-1.1359,49.2703],[-1.0227,49.2034],[-0.9755,49.1922],[-0.9324,49.2181],[-0.9062,49.2102],[-0.9265,49.1642],[-0.9585,49.1613],[-0.8866,49.1294],[-0.9183,49.105],[-0.8785,49.1171],[-0.8691,49.0679],[-0.8917,49.0463],[-0.8642,49.0344],[-0.9427,48.9677],[-0.9999,48.9499],[-1.0565,48.9584],[-1.0755,48.9215],[-1.0226,48.9271],[-1.0137,48.916],[-1.0712,48.8703],[-1.0985,48.8761],[-1.1595,48.8262],[-1.1023,48.8143],[-1.1004,48.7897],[-1.0587,48.7733],[-0.971,48.7728],[-0.9671,48.7861],[-0.8844,48.757],[-0.8359,48.7591],[-0.8492,48.7308],[-0.8179,48.7312],[-0.7373,48.6867],[-0.7734,48.6575],[-0.7629,48.6319],[-0.7422,48.6273],[-0.7742,48.5627],[-0.8604,48.5015],[-0.8962,48.4951],[-0.9564,48.5166],[-0.9723,48.4946],[-1.004,48.4892],[-1.0605,48.5153],[-1.1471,48.5175],[-1.2066,48.5422],[-1.2543,48.5433],[-1.2792,48.5092],[-1.3263,48.4987],[-1.3464,48.4717],[-1.4291,48.4626],[-1.4493,48.4861],[-1.4899,48.4894],[-1.5333,48.548],[-1.5189,48.5666],[-1.5711,48.6264],[-1.4772,48.6187],[-1.4046,48.6434],[-1.3574,48.6355],[-1.4009,48.6589],[-1.3868,48.6742],[-1.4386,48.6569],[-1.497,48.6837],[-1.5319,48.731],[-1.5702,48.7429],[-1.5744,48.8217],[-1.5941,48.8347],[-1.5643,48.9216],[-1.5541,48.9001],[-1.5434,48.931],[-1.5621,48.941],[-1.5561,49.0247],[-1.5094,49.0269],[-1.5592,49.0383],[-1.5746,49.0029],[-1.5938,49.0225],[-1.6104,49.0929],[-1.5947,49.1319],[-1.5811,49.1317],[-1.5958,49.1428],[-1.6107,49.2145],[-1.5718,49.224],[-1.617,49.2316],[-1.6317,49.2142],[-1.6782,49.2801],[-1.6658,49.2819],[-1.7112,49.3251],[-1.6968,49.3317],[-1.7176,49.3264],[-1.7788,49.3717],[-1.807,49.3719],[-1.8464,49.4986],[-1.8819,49.5193],[-1.8857,49.5404],[-1.841,49.5717],[-1.8451,49.6191],[-1.8735,49.6576],[-1.9462,49.6743],[-1.9422,49.7256],[-1.8901,49.7072],[-1.8525,49.7169],[-1.8152,49.6889],[-1.6329,49.6606],[-1.624,49.6441],[-1.5143,49.6599],[-1.476,49.692],[-1.4212,49.7037],[-1.2679,49.6953],[-1.2289,49.6079],[-1.2543,49.6127],[-1.2676,49.582],[-1.2962,49.5832],[-1.3064,49.5389],[-1.168,49.408],[-1.1775,49.3649],[-1.1196,49.3556]]]}},{"type":"Feature","properties":{"code":"56","nom":"Morbihan"},"geometry":{"type":"MultiPolygon","coordinates":[[[[-2.8828,47.3426],[-2.864,47.3374],[-2.8852,47.3322],[-2.8828,47.3426]]],[[[-3.4218,47.62],[-3.4619,47.6203],[-3.5133,47.6509],[-3.4295,47.6423],[-3.4218,47.62]]],[[[-2.9481,47.3733],[-2.9735,47.3853],[-2.9497,47.3915],[-2.9481,47.3733]]],[[[-3.2354,47.3238],[-3.2636,47.3523],[-3.2488,47.3796],[-3.1559,47.3611],[-3.1396,47.3298],[-3.0634,47.315],[-3.0866,47.2831],[-3.1763,47.3004],[-3.2172,47.2935],[-3.2491,47.3161],[-3.2354,47.3238]]],[[[-2.8596,47.5599],[-2.8448,47.6013],[-2.8379,47.5919],[-2.8596,47.5599]]],[[[-2.8096,47.5783],[-2.8091,47.5923],[-2.7868,47.5954],[-2.8096,47.5783]]],[[[-2.2873,48.1337],[-2.2555,48.1094],[-2.2523,48.0632],[-2.2205,48.0797],[-2.1685,48.0762],[-2.1937,48.0514],[-2.2419,48.0528],[-2.2686,48.0352],[-2.2818,47.991],[-2.2396,47.9995],[-2.1369,47.9791],[-2.0791,47.9195],[-2.1163,47.881],[-2.0973,47.8648],[-2.1087,47.8485],[-2.0902,47.8438],[-2.0559,47.8682],[-2.0358,47.8323],[-2.0675,47.8133],[-2.0723,47.7904],[-2.1282,47.7614],[-2.0847,47.7627],[-2.0587,47.7383],[-2.1315,47.7222],[-2.1241,47.6897],[-2.1044,47.6768],[-2.1143,47.6495],[-2.0948,47.6451],[-2.085,47.6212],[-2.0993,47.5975],[-2.0968,47.5403],[-2.156,47.522],[-2.1637,47.4905],[-2.1922,47.4966],[-2.1846,47.5119],[-2.2443,47.4936],[-2.263,47.5129],[-2.2965,47.5161],[-2.3239,47.4597],[-2.3999,47.456],[-2.423,47.4771],[-2.4804,47.442],[-2.4991,47.4575],[-2.489,47.468],[-2.5014,47.4905],[-2.4674,47.4826],[-2.4412,47.4962],[-2.5177,47.5264],[-2.6219,47.5046],[-2.5599,47.5511],[-2.5869,47.5635],[-2.5951,47.5339],[-2.6294,47.5495],[-2.626,47.5307],[-2.6508,47.538],[-2.6324,47.53],[-2.6363,47.5183],[-2.6643,47.5186],[-2.6813,47.4958],[-2.7384,47.504],[-2.8002,47.4873],[-2.8495,47.4987],[-2.8473,47.5115],[-2.91,47.5528],[-2.8785,47.5638],[-2.8389,47.5437],[-2.7305,47.5425],[-2.7271,47.5653],[-2.69,47.5896],[-2.6924,47.6267],[-2.7102,47.6393],[-2.6956,47.611],[-2.7134,47.5947],[-2.7786,47.6192],[-2.7507,47.6219],[-2.7577,47.632],[-2.8512,47.619],[-2.8656,47.5973],[-2.8852,47.6039],[-2.8902,47.5838],[-2.9469,47.6075],[-2.9766,47.6586],[-2.9552,47.5986],[-2.965,47.5887],[-2.9288,47.5547],[-2.9684,47.5572],[-2.9752,47.5761],[-3.0047,47.5665],[-3.0123,47.5802],[-3.0949,47.5647],[-3.1304,47.596],[-3.133,47.5329],[-3.0945,47.4824],[-3.1311,47.4733],[-3.1573,47.5278],[-3.1346,47.5488],[-3.1398,47.5796],[-3.2098,47.6407],[-3.1905,47.6825],[-3.1623,47.6801],[-3.1645,47.6946],[-3.1281,47.7056],[-3.126,47.7235],[-3.161,47.7354],[-3.1746,47.7231],[-3.1688,47.7041],[-3.1946,47.7035],[-3.1904,47.6909],[-3.2189,47.6664],[-3.215,47.6452],[-3.2879,47.701],[-3.3639,47.7091],[-3.2979,47.7685],[-3.3515,47.7443],[-3.3871,47.7019],[-3.4528,47.6953],[-3.521,47.7577],[-3.53,47.7742],[-3.5174,47.805],[-3.5383,47.836],[-3.524,47.8449],[-3.4884,47.8237],[-3.4575,47.8371],[-3.4492,47.8619],[-3.4034,47.8701],[-3.4094,47.9102],[-3.3881,47.9293],[-3.3926,47.9545],[-3.4199,47.9698],[-3.4766,47.9487],[-3.4974,47.9767],[-3.5553,47.9931],[-3.6402,47.9852],[-3.674,48.0525],[-3.6982,48.0623],[-3.695,48.0935],[-3.7312,48.0962],[-3.7321,48.1091],[-3.6977,48.1454],[-3.5648,48.1857],[-3.4436,48.1858],[-3.4234,48.1771],[-3.4384,48.1626],[-3.417,48.1459],[-3.3368,48.1711],[-3.3193,48.1496],[-3.2722,48.14],[-3.2176,48.1441],[-3.1925,48.1644],[-3.1395,48.1637],[-3.1322,48.1955],[-3.078,48.2109],[-3.0143,48.1975],[-3,48.1617],[-2.9371,48.1702],[-2.8508,48.1412],[-2.8104,48.1466],[-2.7819,48.1206],[-2.7777,48.0904],[-2.7539,48.1158],[-2.6619,48.1286],[-2.6523,48.0959],[-2.6701,48.0479],[-2.6312,48.0355],[-2.5484,48.0767],[-2.5493,48.0991],[-2.514,48.1324],[-2.5337,48.1569],[-2.4264,48.1738],[-2.3578,48.1113],[-2.3518,48.1251],[-2.2873,48.1337]]]]}},{"type":"Feature","properties":{"code":"59","nom":"Nord"},"geometry":{"type":"MultiPolygon","coordinates":[[[[2.9997,50.1296],[2.9982,50.1423],[3.0497,50.166],[3.0925,50.1705],[3.0728,50.1312],[3.0106,50.1128],[2.9997,50.1296]]],[[[2.0677,51.0065],[2.1794,51.0151],[2.3478,51.0598],[2.3996,51.051],[2.543,51.0885],[2.574,51.0035],[2.6013,50.9913],[2.6327,50.946],[2.5902,50.9193],[2.6075,50.9124],[2.5996,50.8533],[2.635,50.8128],[2.7175,50.8136],[2.7957,50.7246],[2.8484,50.7229],[2.8984,50.6942],[2.9223,50.7028],[2.9381,50.7443],[2.9582,50.7534],[3.0614,50.7805],[3.0799,50.773],[3.1148,50.7942],[3.1508,50.7901],[3.1912,50.7244],[3.2584,50.7006],[3.2624,50.6785],[3.2411,50.6578],[3.2775,50.593],[3.2865,50.5276],[3.3739,50.4918],[3.4501,50.5074],[3.474,50.5336],[3.5194,50.5229],[3.5008,50.4873],[3.5678,50.5006],[3.613,50.4925],[3.6642,50.4532],[3.6737,50.4042],[3.6583,50.3713],[3.7104,50.3032],[3.7317,50.3119],[3.7474,50.3509],[3.8528,50.3516],[3.9004,50.3276],[4.0274,50.3575],[4.0789,50.3098],[4.1129,50.3021],[4.1363,50.2568],[4.1676,50.2597],[4.1512,50.2781],[4.1627,50.2889],[4.2032,50.2745],[4.2219,50.257],[4.1508,50.2131],[4.1551,50.1668],[4.1269,50.135],[4.1917,50.1346],[4.228,50.0664],[4.1622,50.049],[4.1364,50.0205],[4.1617,50.0009],[4.1577,49.9882],[4.0871,49.9692],[3.9804,49.9954],[3.9896,50.0413],[3.8873,50.0097],[3.875,50.0366],[3.7779,50.046],[3.7152,50.0693],[3.6136,50.0254],[3.5615,50.0539],[3.4914,50.0189],[3.3749,50.0364],[3.2871,50.0142],[3.2581,50.0318],[3.1822,50.0123],[3.1176,50.0277],[3.0838,50.0578],[3.1141,50.0922],[3.0958,50.1242],[3.1345,50.1432],[3.1022,50.1633],[3.1561,50.1837],[3.1314,50.1994],[3.1423,50.2177],[3.1884,50.2287],[3.1337,50.2662],[3.0515,50.2766],[3.0186,50.2644],[3.0178,50.2846],[3.0511,50.2824],[3.0478,50.2937],[3.0843,50.3112],[3.0135,50.3594],[2.9823,50.4015],[3.0685,50.4256],[3.0672,50.4584],[3.0163,50.4421],[3.0067,50.4573],[3.0208,50.4818],[3.0083,50.4928],[2.9647,50.5128],[2.899,50.5016],[2.8808,50.5148],[2.887,50.5377],[2.8002,50.5276],[2.7945,50.5492],[2.8134,50.5493],[2.8157,50.566],[2.7891,50.5831],[2.8424,50.6291],[2.8697,50.6311],[2.8092,50.6694],[2.769,50.6637],[2.7606,50.6557],[2.7925,50.6337],[2.7525,50.6279],[2.739,50.6093],[2.6796,50.6359],[2.6305,50.618],[2.5866,50.6381],[2.5646,50.6245],[2.5336,50.6431],[2.4959,50.6312],[2.4032,50.6817],[2.3831,50.6718],[2.3635,50.6846],[2.3836,50.7006],[2.3409,50.7409],[2.4115,50.7667],[2.2886,50.777],[2.2134,50.8105],[2.1353,50.9643],[2.0677,51.0065]]]]}},{"type":"Feature","properties":{"code":"70","nom":"Haute-Saône"},"geometry":{"type":"Polygon","coordinates":[[[5.8847,47.926],[5.9367,47.9789],[5.9595,47.9658],[5.9297,47.9387],[5.9537,47.937],[6.0412,48.0044],[6.1317,48.0237],[6.1561,48.0069],[6.1649,47.9761],[6.1509,47.9706],[6.168,47.9524],[6.1974,47.9518],[6.2052,47.932],[6.3662,47.9619],[6.4317,47.9438],[6.4786,47.8855],[6.5422,47.9026],[6.5683,47.9345],[6.6018,47.9444],[6.6455,47.904],[6.7848,47.8496],[6.8235,47.8131],[6.7576,47.7479],[6.7761,47.6686],[6.7983,47.6421],[6.7776,47.6156],[6.8188,47.5767],[6.781,47.5364],[6.6601,47.5799],[6.6702,47.5579],[6.6467,47.5353],[6.5683,47.533],[6.5836,47.51],[6.5735,47.4955],[6.4959,47.5057],[6.4711,47.4872],[6.4635,47.5121],[6.4177,47.5211],[6.3343,47.506],[6.3195,47.4855],[6.3025,47.4915],[6.2802,47.444],[6.2394,47.4315],[6.2427,47.414],[6.2004,47.4291],[6.1522,47.3861],[6.1167,47.3932],[6.1042,47.3824],[6.1198,47.3665],[6.0815,47.3715],[6.08,47.354],[6.0236,47.3323],[5.927,47.3448],[5.9264,47.3271],[5.8967,47.3291],[5.9021,47.3152],[5.8839,47.3216],[5.7323,47.2636],[5.676,47.2757],[5.6423,47.2562],[5.5815,47.2531],[5.5233,47.3055],[5.4722,47.317],[5.4947,47.3454],[5.4969,47.3901],[5.4324,47.3929],[5.4445,47.4041],[5.4304,47.4214],[5.4403,47.4451],[5.4065,47.4618],[5.3798,47.4507],[5.3766,47.4647],[5.4076,47.4772],[5.3871,47.4808],[5.3992,47.499],[5.4471,47.4963],[5.4864,47.527],[5.4969,47.5441],[5.4775,47.6087],[5.4259,47.6321],[5.3894,47.5951],[5.3728,47.6187],[5.4056,47.6478],[5.4063,47.6734],[5.4826,47.6846],[5.5298,47.6728],[5.5672,47.7052],[5.5967,47.6717],[5.6901,47.6848],[5.6848,47.7223],[5.7092,47.7448],[5.7092,47.7637],[5.68,47.77],[5.6903,47.8186],[5.7461,47.8236],[5.7441,47.8487],[5.7612,47.8593],[5.828,47.8519],[5.8214,47.8682],[5.8484,47.9043],[5.8865,47.9026],[5.8847,47.926]]]}},{"type":"Feature","properties":{"code":"72","nom":"Sarthe"},"geometry":{"type":"Polygon","coordinates":[[[-0.0545,48.382],[-0.0026,48.3973],[0.021,48.3802],[0.0625,48.3822],[0.0678,48.4061],[0.0992,48.4103],[0.1162,48.4356],[0.1513,48.4372],[0.1561,48.4548],[0.2182,48.4738],[0.2959,48.4802],[0.3558,48.4582],[0.3807,48.4254],[0.3805,48.3418],[0.3954,48.3205],[0.4805,48.2986],[0.4876,48.3078],[0.507,48.2958],[0.4946,48.2868],[0.5129,48.2669],[0.561,48.2459],[0.6332,48.2456],[0.6532,48.2637],[0.7378,48.1891],[0.7977,48.1945],[0.8368,48.1674],[0.9116,48.1489],[0.9138,48.1351],[0.8526,48.1336],[0.8412,48.1031],[0.8144,48.0988],[0.8392,48.0913],[0.843,48.0726],[0.8012,48.0715],[0.7975,48.0376],[0.8367,48.0346],[0.8262,47.9915],[0.8458,47.9414],[0.8171,47.9345],[0.8172,47.8924],[0.79,47.9122],[0.7599,47.8982],[0.7746,47.8397],[0.698,47.7889],[0.6893,47.78],[0.7034,47.7699],[0.6268,47.7518],[0.5805,47.7123],[0.6148,47.6828],[0.4239,47.6178],[0.3811,47.6391],[0.3647,47.626],[0.4022,47.579],[0.379,47.5691],[0.2678,47.6087],[0.1858,47.6165],[0.1849,47.5995],[0.1516,47.5815],[0.1157,47.6057],[0.017,47.6211],[-0.0045,47.6477],[-0.02,47.6371],[-0.0946,47.6623],[-0.1263,47.6372],[-0.1932,47.6479],[-0.2202,47.6896],[-0.1817,47.706],[-0.1937,47.7232],[-0.2476,47.7067],[-0.3658,47.7161],[-0.3585,47.7321],[-0.3799,47.7511],[-0.3882,47.8053],[-0.4341,47.8091],[-0.4479,47.8322],[-0.4094,47.8584],[-0.3744,47.8583],[-0.3707,47.88],[-0.4052,47.8929],[-0.3848,47.9308],[-0.2815,47.9538],[-0.3023,47.9661],[-0.316,48.0053],[-0.3399,48.0116],[-0.3417,48.0431],[-0.2702,48.0646],[-0.2309,48.059],[-0.238,48.086],[-0.2172,48.107],[-0.2538,48.1365],[-0.2375,48.1484],[-0.2499,48.1571],[-0.1468,48.205],[-0.1631,48.2555],[-0.1389,48.2984],[-0.1562,48.3388],[-0.1323,48.3437],[-0.138,48.3614],[-0.0545,48.382]]]}},{"type":"Feature","properties":{"code":"80","nom":"Somme"},"geometry":{"type":"Polygon","coordinates":[[[1.3797,50.065],[1.4539,50.1103],[1.5124,50.2017],[1.5484,50.2152],[1.5962,50.1855],[1.6838,50.183],[1.6627,50.2136],[1.6225,50.2152],[1.5921,50.2485],[1.5493,50.2604],[1.5558,50.3613],[1.6243,50.3663],[1.6707,50.331],[1.7788,50.3619],[1.918,50.3118],[1.9381,50.3301],[1.958,50.3261],[1.9364,50.3015],[1.9461,50.2874],[2.0778,50.2488],[2.0641,50.2362],[2.0857,50.201],[2.1226,50.2107],[2.1602,50.1951],[2.2738,50.2268],[2.3012,50.2129],[2.3312,50.2226],[2.3176,50.2351],[2.3341,50.2386],[2.3612,50.207],[2.4055,50.234],[2.4518,50.2303],[2.495,50.1998],[2.3898,50.1555],[2.3755,50.1093],[2.4209,50.0877],[2.4767,50.137],[2.5149,50.1408],[2.5323,50.1151],[2.5513,50.1416],[2.5782,50.1399],[2.576,50.1134],[2.7046,50.0812],[2.7187,50.0881],[2.7031,50.0957],[2.7102,50.1202],[2.7296,50.126],[2.7809,50.1112],[2.7818,50.0911],[2.7426,50.0482],[2.7524,50.0401],[2.8578,50.0774],[2.8765,50.0422],[2.8522,50.0314],[2.8725,50.021],[2.9484,50.0534],[2.9715,50.0414],[3.0144,50.0591],[3.0903,50.0537],[3.1176,50.0277],[3.167,50.021],[3.1557,49.9918],[3.203,49.9839],[3.118,49.9143],[3.1202,49.8842],[3.0738,49.8757],[3.0845,49.8457],[3.057,49.8328],[3.0787,49.8224],[3.086,49.792],[3.0613,49.7812],[3.0979,49.7666],[3.12,49.7137],[3.0839,49.6926],[3.0835,49.7125],[3.063,49.7126],[3.0262,49.6803],[2.9896,49.708],[2.9488,49.6923],[2.9534,49.6665],[2.9157,49.7027],[2.8842,49.7106],[2.8662,49.7025],[2.8878,49.6833],[2.8573,49.6837],[2.8501,49.6617],[2.7936,49.656],[2.7995,49.6206],[2.6891,49.6256],[2.6707,49.5814],[2.6496,49.5718],[2.6278,49.5854],[2.6241,49.6102],[2.5715,49.5971],[2.565,49.6189],[2.5047,49.6395],[2.4781,49.6208],[2.4457,49.653],[2.3731,49.6563],[2.3157,49.6898],[2.1565,49.7021],[2.0653,49.6831],[2.0355,49.7091],[1.9642,49.7162],[1.9491,49.7008],[1.9332,49.7196],[1.8939,49.699],[1.849,49.7016],[1.8208,49.7222],[1.8395,49.7309],[1.7579,49.7808],[1.7125,49.8864],[1.6785,49.9181],[1.594,49.9491],[1.4565,50.0378],[1.4465,50.0693],[1.3797,50.065]]]}},{"type":"Feature","properties":{"code":"91","nom":"Essonne"},"geometry":{"type":"Polygon","coordinates":[[[2.2266,48.7761],[2.3038,48.7295],[2.3207,48.7488],[2.3694,48.7461],[2.3707,48.7202],[2.5035,48.7352],[2.5539,48.6883],[2.5854,48.6794],[2.5336,48.6573],[2.5424,48.6355],[2.5182,48.6271],[2.5408,48.5955],[2.501,48.5462],[2.5048,48.4394],[2.5337,48.4113],[2.4738,48.3905],[2.4831,48.3846],[2.4298,48.362],[2.4256,48.3372],[2.3932,48.3363],[2.4027,48.3207],[2.3698,48.3087],[2.3277,48.3331],[2.2536,48.3002],[2.238,48.3164],[2.2463,48.33],[2.2023,48.3446],[2.1814,48.3137],[2.1544,48.3159],[2.1637,48.2984],[2.1106,48.2969],[2.1137,48.3072],[1.9753,48.2872],[1.9592,48.3087],[1.9868,48.3621],[1.9766,48.3994],[1.9306,48.4041],[1.9429,48.4411],[1.9163,48.4649],[1.9674,48.5331],[1.9341,48.5481],[1.9379,48.5629],[2.0176,48.5576],[2.0345,48.6035],[2.0602,48.6176],[2.0112,48.6598],[2.0282,48.6573],[2.0457,48.6876],[2.0979,48.694],[2.1103,48.7144],[2.098,48.7344],[2.2266,48.7761]]]}},{"type":"Feature","properties":{"code":"95","nom":"Val-d'Oise"},"geometry":{"type":"Polygon","coordinates":[[[1.7044,49.2322],[1.7297,49.2292],[1.7258,49.1957],[1.7552,49.1745],[1.7776,49.1841],[1.8852,49.1626],[1.9734,49.1839],[1.9968,49.1765],[2.0809,49.2098],[2.0969,49.1898],[2.1646,49.1797],[2.1643,49.166],[2.2186,49.1807],[2.2354,49.167],[2.2164,49.1544],[2.2863,49.1603],[2.3109,49.1864],[2.3593,49.1473],[2.3709,49.1592],[2.4154,49.1518],[2.4409,49.1458],[2.4354,49.1339],[2.4992,49.1223],[2.4899,49.1064],[2.5311,49.0996],[2.533,49.1192],[2.5562,49.1186],[2.5582,49.0984],[2.5787,49.092],[2.5715,49.0598],[2.5847,49.0526],[2.4595,48.955],[2.3664,48.9742],[2.2883,48.9583],[2.2006,48.9087],[2.2059,48.9497],[2.1736,48.9532],[2.1733,48.9756],[2.127,48.9891],[2.1213,49.0183],[2.0248,48.9988],[1.9919,49.021],[1.9378,49.0218],[1.9085,49.048],[1.8691,49.0182],[1.852,49.0352],[1.8655,49.0575],[1.8239,49.0764],[1.7235,49.045],[1.6737,49.0782],[1.6142,49.0714],[1.7044,49.2322]]]}},{"type":"Feature","properties":{"code":"41","nom":"Loir-et-Cher"},"geometry":{"type":"Polygon","coordinates":[[[0.8412,48.1031],[0.944,48.1124],[0.9503,48.0993],[0.9973,48.1275],[1.0387,48.1316],[1.0481,48.1238],[0.991,48.0969],[1.0086,48.0831],[1.1122,48.0807],[1.1212,48.0391],[1.1666,48.0274],[1.1915,47.972],[1.2096,47.9685],[1.2368,47.9788],[1.2682,47.9615],[1.2996,47.9682],[1.3086,47.9539],[1.3462,47.9651],[1.3654,47.9547],[1.3869,47.9813],[1.4372,47.9765],[1.4326,48.0085],[1.4986,47.9853],[1.5648,47.9898],[1.552,47.9531],[1.5252,47.9417],[1.5254,47.9291],[1.5814,47.9019],[1.5881,47.8764],[1.5351,47.8395],[1.5705,47.7966],[1.5479,47.7698],[1.5985,47.7396],[1.5929,47.7285],[1.6266,47.761],[1.6973,47.7384],[1.7489,47.6558],[1.7905,47.637],[1.8429,47.6568],[1.8556,47.6895],[1.8701,47.6742],[1.9341,47.6794],[1.9608,47.6594],[2.0081,47.6773],[2.2026,47.6781],[2.2055,47.6623],[2.22,47.6679],[2.2326,47.653],[2.2392,47.621],[2.1569,47.6007],[2.128,47.5847],[2.1238,47.56],[2.1956,47.5486],[2.2152,47.5216],[2.1988,47.4871],[2.2477,47.4917],[2.2437,47.4148],[2.2052,47.4052],[2.1889,47.4378],[2.1415,47.4082],[2.1193,47.4193],[2.0971,47.3668],[2.1145,47.3669],[2.1195,47.3335],[2.1574,47.2996],[2.1256,47.2797],[2.0792,47.2854],[2.0244,47.2651],[1.9408,47.2901],[1.8948,47.2547],[1.9166,47.236],[1.9041,47.2157],[1.873,47.2053],[1.7958,47.2378],[1.7761,47.2314],[1.7157,47.2768],[1.6659,47.2578],[1.6504,47.2732],[1.5924,47.2767],[1.5945,47.2598],[1.5263,47.2529],[1.5342,47.2276],[1.4485,47.238],[1.3267,47.1862],[1.239,47.2889],[1.1732,47.2853],[1.1621,47.2722],[1.1081,47.2984],[1.0949,47.3285],[1.1228,47.354],[1.1064,47.3715],[1.1235,47.3919],[1.0851,47.43],[1.1127,47.4287],[1.1324,47.4465],[1.0891,47.4622],[1.0714,47.5136],[1.0453,47.5315],[1.0763,47.5632],[1.0334,47.607],[0.997,47.584],[0.9855,47.6131],[0.919,47.6326],[0.8989,47.6047],[0.8639,47.5996],[0.8459,47.6478],[0.8606,47.688],[0.835,47.6772],[0.7353,47.6954],[0.7121,47.6818],[0.6748,47.699],[0.6439,47.6851],[0.6541,47.6988],[0.6309,47.7093],[0.6042,47.6856],[0.5805,47.7123],[0.6268,47.7518],[0.6969,47.7642],[0.698,47.7889],[0.7746,47.8397],[0.7592,47.8592],[0.7599,47.8982],[0.7805,47.9104],[0.8102,47.8904],[0.8121,47.9289],[0.8453,47.9544],[0.8243,47.9821],[0.8405,48.021],[0.8367,48.0346],[0.7975,48.0376],[0.7965,48.0527],[0.8012,48.0715],[0.8346,48.0701],[0.8448,48.0866],[0.8152,48.0937],[0.8412,48.1031]]]}},{"type":"Feature","properties":{"code":"53","nom":"Mayenne"},"geometry":{"type":"Polygon","coordinates":[[[-0.8604,48.5015],[-0.8132,48.4551],[-0.7779,48.4654],[-0.7745,48.4433],[-0.7573,48.4366],[-0.7151,48.449],[-0.7359,48.4611],[-0.7303,48.4727],[-0.688,48.4694],[-0.669,48.4861],[-0.654,48.4443],[-0.5953,48.4726],[-0.5517,48.4731],[-0.5051,48.5058],[-0.3992,48.5102],[-0.3535,48.4839],[-0.3202,48.5229],[-0.2782,48.507],[-0.2418,48.5364],[-0.2618,48.5479],[-0.2426,48.568],[-0.1446,48.5278],[-0.1721,48.5021],[-0.1487,48.4581],[-0.0519,48.4533],[-0.0545,48.382],[-0.138,48.3614],[-0.1323,48.3437],[-0.1579,48.3237],[-0.1389,48.2984],[-0.1631,48.2555],[-0.1468,48.205],[-0.2499,48.1571],[-0.2375,48.1484],[-0.2538,48.1365],[-0.2164,48.1137],[-0.238,48.086],[-0.2309,48.059],[-0.2702,48.0646],[-0.3417,48.0431],[-0.3399,48.0116],[-0.316,48.0053],[-0.3023,47.9661],[-0.2826,47.9582],[-0.2953,47.944],[-0.397,47.9259],[-0.4052,47.8929],[-0.3707,47.88],[-0.3744,47.8583],[-0.4094,47.8584],[-0.4479,47.8322],[-0.4341,47.8091],[-0.3882,47.8053],[-0.3754,47.7672],[-0.4095,47.7786],[-0.41,47.7652],[-0.4546,47.7565],[-0.5097,47.786],[-0.5329,47.7508],[-0.5848,47.7584],[-0.6108,47.7357],[-0.7417,47.7381],[-0.7932,47.7617],[-0.84,47.7681],[-0.8393,47.7523],[-0.8813,47.7635],[-0.952,47.7965],[-0.971,47.7856],[-0.9509,47.7681],[-0.9738,47.7657],[-1.1661,47.7798],[-1.2382,47.81],[-1.2206,47.8204],[-1.2227,47.8526],[-1.1892,47.868],[-1.1966,47.8893],[-1.1762,47.8974],[-1.154,47.9658],[-1.1228,47.9867],[-1.0213,47.9949],[-1.0331,48.0312],[-1.0233,48.0689],[-1.0496,48.0898],[-1.1001,48.2593],[-1.0821,48.2984],[-1.045,48.3277],[-1.0646,48.3683],[-1.0539,48.384],[-1.0828,48.4331],[-1.0654,48.4517],[-1.0757,48.4994],[-1.0605,48.5153],[-1.004,48.4892],[-0.9723,48.4946],[-0.9564,48.5166],[-0.8962,48.4951],[-0.8604,48.5015]]]}},{"type":"Feature","properties":{"code":"54","nom":"Meurthe-et-Moselle"},"geometry":{"type":"MultiPolygon","coordinates":[[[[5.4556,49.4809],[5.4299,49.4882],[5.442,49.5036],[5.4645,49.4903],[5.4556,49.4809]]],[[[5.4709,49.4972],[5.5561,49.5293],[5.6036,49.5087],[5.6598,49.5529],[5.7574,49.5428],[5.7562,49.557],[5.7752,49.5626],[5.837,49.5425],[5.8459,49.53],[5.8344,49.5263],[5.8625,49.5016],[5.9366,49.4777],[5.9423,49.4303],[5.9119,49.4077],[5.9561,49.3616],[5.9613,49.3478],[5.9434,49.3403],[5.9852,49.3052],[6.0064,49.308],[6.0067,49.2603],[6.0273,49.2526],[6.0294,49.2305],[5.9823,49.1955],[6.0261,49.1651],[5.9814,49.1445],[6.0049,49.114],[5.9316,49.1091],[5.9247,49.0921],[5.9716,49.041],[6.0165,49.0353],[6.045,49.0104],[6.0434,48.9775],[6.1169,48.9678],[6.1322,48.9347],[6.272,48.9331],[6.3273,48.9052],[6.2855,48.8494],[6.3389,48.8341],[6.3101,48.8211],[6.3493,48.8079],[6.355,48.7817],[6.4335,48.789],[6.4536,48.7659],[6.5541,48.7541],[6.599,48.7157],[6.6584,48.708],[6.6764,48.6889],[6.6665,48.6712],[6.6879,48.6836],[6.7261,48.6644],[6.7547,48.6694],[6.7825,48.6427],[6.826,48.6448],[6.8636,48.6203],[6.9342,48.6333],[6.9608,48.6083],[7.0093,48.6119],[7.0167,48.604],[6.9945,48.596],[7.0839,48.5453],[7.0645,48.5234],[7.1232,48.5136],[6.983,48.4791],[6.8908,48.4181],[6.855,48.4329],[6.8152,48.3988],[6.6451,48.4281],[6.6237,48.4731],[6.585,48.4605],[6.5686,48.437],[6.5839,48.4172],[6.5337,48.4314],[6.5008,48.4142],[6.4355,48.4128],[6.4116,48.3921],[6.3843,48.3947],[6.3929,48.4087],[6.3805,48.4123],[6.3057,48.4132],[6.3013,48.4305],[6.2321,48.4002],[6.1496,48.4085],[6.1523,48.381],[6.1167,48.354],[6.077,48.3798],[6.0798,48.3636],[6.066,48.3593],[5.9616,48.3499],[5.9496,48.3964],[5.9277,48.3937],[5.9124,48.41],[5.9313,48.4339],[5.9055,48.4368],[5.8993,48.4089],[5.8554,48.4094],[5.899,48.4467],[5.8869,48.4539],[5.9056,48.4949],[5.8561,48.5068],[5.7769,48.4872],[5.761,48.5215],[5.7762,48.5404],[5.7161,48.5614],[5.7134,48.5806],[5.8034,48.625],[5.7651,48.6187],[5.7453,48.6522],[5.7533,48.7076],[5.714,48.7445],[5.7419,48.7528],[5.7403,48.7727],[5.7761,48.7993],[5.7624,48.7939],[5.781,48.8267],[5.7651,48.8729],[5.7866,48.8782],[5.7472,48.9153],[5.8002,48.9467],[5.8478,48.9533],[5.8048,48.9834],[5.8231,49.0231],[5.8513,49.0387],[5.834,49.0613],[5.807,49.0627],[5.8179,49.111],[5.7515,49.118],[5.7598,49.1501],[5.7445,49.1566],[5.7655,49.1981],[5.7328,49.1951],[5.7208,49.2093],[5.7397,49.2305],[5.7209,49.2477],[5.7307,49.2698],[5.7605,49.2801],[5.7626,49.3163],[5.7318,49.3113],[5.7214,49.3246],[5.7365,49.3385],[5.7317,49.361],[5.6874,49.3939],[5.6881,49.4151],[5.6346,49.4374],[5.6057,49.42],[5.5011,49.4085],[5.4803,49.3823],[5.4487,49.4016],[5.5057,49.4194],[5.4791,49.4258],[5.4813,49.4442],[5.4618,49.4527],[5.4824,49.4937],[5.4709,49.4972]]]]}},{"type":"Feature","properties":{"code":"79","nom":"Deux-Sèvres"},"geometry":{"type":"Polygon","coordinates":[[[-0.892,46.9758],[-0.8576,46.9694],[-0.7876,47.0051],[-0.7131,46.9861],[-0.6802,46.9877],[-0.6761,47.0001],[-0.5955,46.998],[-0.5623,47.0307],[-0.5457,47.0292],[-0.5552,47.057],[-0.5427,47.0688],[-0.4953,47.0824],[-0.4627,47.0819],[-0.4855,47.0652],[-0.4763,47.0544],[-0.3574,47.094],[-0.1413,47.1037],[-0.1785,47.0698],[-0.1284,47.0544],[-0.1021,47.0648],[-0.0786,47.0099],[-0.0937,47.0102],[-0.0863,46.9853],[-0.0547,46.9946],[-0.0333,46.9799],[-0.0463,46.9665],[-0.009,46.9075],[-0.0354,46.8748],[0.0256,46.8529],[0.0173,46.8359],[0.0006,46.8461],[-0.0457,46.8321],[-0.0203,46.8126],[0.008,46.8143],[-0.0223,46.7896],[-0.0225,46.7694],[0.0383,46.7316],[0.0007,46.7162],[-0.0159,46.6965],[-0.0069,46.6829],[-0.0665,46.6314],[-0.0486,46.624],[-0.0052,46.6447],[-0.0115,46.6192],[0.0229,46.6142],[0.026,46.5947],[0.0427,46.5912],[-0.008,46.5675],[0.0079,46.548],[-0.0072,46.5233],[-0.0314,46.525],[-0.0433,46.4725],[-0.0147,46.4751],[-0.009,46.3911],[0.0342,46.3735],[0.0139,46.3571],[0.0297,46.3492],[0.0158,46.3261],[0.0782,46.3049],[0.1376,46.3494],[0.1774,46.3281],[0.1567,46.301],[0.1723,46.2786],[0.1288,46.2672],[0.1434,46.2301],[0.1128,46.2109],[0.1124,46.1942],[0.1551,46.1572],[0.2204,46.158],[0.1926,46.0989],[0.1779,46.0833],[0.1357,46.104],[0.093,46.1015],[0.0997,46.0929],[0.073,46.0939],[0.0193,46.0528],[-0.032,46.0559],[-0.0215,46.0289],[-0.0455,46.0206],[-0.0414,45.9935],[-0.1029,45.9697],[-0.1367,45.9793],[-0.172,46.0329],[-0.1892,46.0266],[-0.1946,46.0444],[-0.273,46.0573],[-0.2931,46.0866],[-0.3627,46.0755],[-0.3828,46.0977],[-0.4005,46.0847],[-0.4225,46.0939],[-0.4225,46.1133],[-0.4452,46.0994],[-0.5061,46.1067],[-0.547,46.1442],[-0.6114,46.1414],[-0.6334,46.148],[-0.6068,46.1528],[-0.613,46.1615],[-0.6686,46.1848],[-0.6911,46.1798],[-0.6863,46.2137],[-0.7515,46.2451],[-0.7359,46.2669],[-0.7554,46.3021],[-0.7219,46.3024],[-0.6973,46.3251],[-0.6483,46.3171],[-0.6033,46.3615],[-0.5757,46.3565],[-0.5378,46.3865],[-0.6102,46.4137],[-0.6209,46.3905],[-0.6366,46.3956],[-0.6368,46.4323],[-0.6188,46.4389],[-0.6366,46.5061],[-0.6335,46.5265],[-0.61,46.5273],[-0.6067,46.5623],[-0.6246,46.5774],[-0.6119,46.5883],[-0.627,46.6057],[-0.6141,46.6204],[-0.6572,46.6346],[-0.6377,46.6635],[-0.6807,46.6868],[-0.6562,46.7008],[-0.7208,46.7625],[-0.7178,46.8005],[-0.7009,46.8086],[-0.7088,46.8211],[-0.7816,46.8428],[-0.8322,46.8845],[-0.8074,46.9198],[-0.8838,46.9504],[-0.892,46.9758]]]}},{"type":"Feature","properties":{"code":"90","nom":"Territoire de Belfort"},"geometry":{"type":"Polygon","coordinates":[[[6.8235,47.8131],[6.8393,47.8248],[6.8635,47.7852],[7.016,47.7432],[7.0374,47.7216],[7.0265,47.701],[7.048,47.6823],[7.0392,47.6506],[7.0189,47.6507],[7.0105,47.605],[7.0863,47.5926],[7.1062,47.5514],[7.1328,47.5397],[7.1379,47.5106],[7.0793,47.4889],[7.0244,47.5042],[6.9831,47.4933],[6.999,47.4523],[6.9405,47.4334],[6.9076,47.4732],[6.9076,47.4945],[6.942,47.4853],[6.9455,47.5124],[6.9097,47.5255],[6.9057,47.5474],[6.8167,47.5479],[6.807,47.5628],[6.8188,47.5767],[6.7776,47.6156],[6.8003,47.6347],[6.7761,47.6686],[6.7576,47.7479],[6.8235,47.8131]]]}}]}